r,id,Bottle Number,data,Full.Name,Bottle.Price,Glass.Price,Vintage,Type,Producer,Variety,Designation,Vineyard,Country,Region,SubRegion,Appelation,Price,Location,Inventory.Days,Inventory,
barcelona,1,1,,Bodegas El Coto,32,,2009,Red,Bodegas El Coto,Tempranillo,Crianza,NA,Spain,La Rioja,NA,Rioja,2,DC,9,21,
barcelona,2,2,,"Bodegas El Coto, Coto de lmaz, reserve",48,,2008,Red,Bodegas El Coto,Tempranillo,Coto de Imaz Reserva,NA,Spain,La Rioja,NA,Rioja,2,DC,57,30,
barcelona,3,3,,"Bodegas Campillo, Gran Reserva",102,,2001,Red,Bodegas El Coto,Tempranillo,Gran Reserva,NA ,Spain,La Rioja,NA,Rioja,2,DC,44,20,
barcelona,4,4,,"Ramon Bilbao, Crianza",30,,2009,Red,Bodegas Ramon Bilbao,Tempranillo Blend,Ramon Bilbao Crianza,NA,Spain,La Rioja,NA,Rioja,2,DC,9,14,
barcelona,5,5,,"R Lopez de Heredia, Vina Tondonia, Reserva",85,,2001,Red,R. Lopez de Heredia,Tempranillo Blend,Reserva,Vina Tondonia,Spain,La Rioja,La Rioja Alta,Rioja,2,DC,38,27,
barcelona,6,6,,"R. Lopez de Heredia, Vi_a Tondonia, Gran Reserva",152,,1994,Red,R. Lopez de Heredia,Tempranillo Blend,Gran Reserva,Vina Tondonia,Spain,La Rioja,La Rioja Alta,Rioja,2,DC,5,3,
barcelona,7,7,,"Finca San Martin, Crianza",35,,2010,Red,Torre de ona,Tempranillo,Finca San Martin Crianza,NA,Spain,La Rioja,La Rioja Alta,Rioja,2,DC,45,29,
barcelona,8,8,,"La Rioja Alta, Vi_a Alberdi, Reserva ",49,,2007,Red,La Rioja Alta,Tempranillo,Vina Alberdi Reserva,NA ,Spain,La Rioja,La Rioja Alta,Rioja,2,DC,69,22,
barcelona,9,9,,"La Rioja Alta, Vi_a Arana, Reserva ",189,,2005,Red,La Rioja Alta,Tempranillo Blend,Vina Arana Reserva,NA ,Spain,La Rioja,La Rioja Alta,Rioja,2,DC,86,16,
barcelona,10,10,,"La Rioja Alta, Vi_a Ardanza, Reserva ",79,,2004,Red,La Rioja Alta,Tempranillo Blend,Vina Ardanza Reserva,NA,Spain,La Rioja,La Rioja Alta,Rioja,2,DC,19,12,
barcelona,11,11,,"La Rioja Alta, 904, Gran Reserva",95,,2001,Red,La Rioja Alta,Tempranillo Blend,Gran Reserva 904,NA,Spain,La Rioja,La Rioja Alta,Rioja,2,DC,54,15,
barcelona,12,12,,"Bodegas Olarra, Cerro A_on, Reserva",44,,2008,Red,Bodegas Olarra,Tempranillo Blend,Cerro Anon Reserva,NA,Spain,La Rioja,NA,Rioja,2,DC,81,12,
barcelona,13,13,,"Bodegas Olarra, Cerro A_on, Gran Reserva",50,,2005,Red,Bodegas Olarra,Tempranillo Blend,Cerro Anon Gran Reserva,NA,Spain,La Rioja,NA ,Rioja,2,DC,78,4,
barcelona,14,14,,"C.V.N.E., Imperial, Reserva",88,,2008,Red,C.V.N.E.,Tempranillo,Imperial Reserva,NA,Spain,La Rioja,La Rioja Alta,Rioja,2,DC,94,28,
barcelona,15,15,,"C.V.N.E., Imperial,  Gran Reserva",124,,2005,Red,C.V.N.E.,Tempranillo Blend,Imperial Gran Reserva,NA,Spain,La Rioja,La Rioja Alta,Rioja,2,DC,32,12,
barcelona,16,16,,"C.V.N.E., Vina Real,  Gran Reserva",97,,2006,Red,C.V.N.E.,Tempranillo,Vina Real Gran Reserva,NA,Spain,La Rioja,La Rioja Alta,Rioja,2,DC,59,22,
barcelona,17,17,,"Solar de Randez, Reserva",75,,1997,Red,Solar de Randez,Tempranillo Blend,Reserva,NA,Spain,La Rioja,NA,Rioja,2,DC,25,20,
barcelona,18,18,,"Solar de Randez, Reserva",79,,2001,Red,Solar de Randez,Tempranillo Blend,Reserva,NA,Spain,La Rioja,NA,Rioja,2,DC,48,16,
barcelona,19,19,,"Bodegas Muga, Prado Enea",104,,2005,Red,Bodegas Muga,Tempranillo Blend,Gran Reserva,Prado Enea,Spain,La Rioja,La Rioja Alta,Rioja,2,DC,90,14,
barcelona,20,20,,"Ermita de San Felices, Reserva",49,,2007,Red,Bodegas Santalba,Tempranillo,Ermita de San Felices Reserva,NA,Spain,La Rioja,NA,Rioja,2,DC,92,10,
barcelona,21,21,,"Murua, VS",30,,2010,Red,Bodegas Mura,Tempranillo Blend,VS,NA,Spain,La Rioja,NA,Rioja,2,DC,73,1,
barcelona,22,22,,"Abando, Crianza",54,,2008,Red,Bodegas Santalba,Tempranillo,Abando Crianza,NA,Spain,La Rioja,La Rioja Alta,Rioja,2,DC,24,20,
barcelona,23,23,,"Bodegas Marqu_s de Murrieta, Reserva",59,,2007,Red,Marques de Murrieta,Tempranillo,Reserva,NA,Spain,La Rioja,NA,Rioja,2,DC,96,2,
barcelona,24,24,,"Bodegas Marqu_s de Murrieta, Castillo Ygay, Gran Reserva Especia",115,,2005,Red,Marques de Murrieta,Tempranillo Blend,Castillo Ygay Gran Reserva Especial,NA,Spain,La Rioja,NA,Rioja,2,DC,93,26,
barcelona,25,25,,"Luberri, Biga",45,,2008,Red,Bodegas Luberri,Tempranillo,Biga Crianza,NA,Spain,La Rioja,La Rioja Alavesa,Rioja,2,DC,23,16,
barcelona,26,26,,"Onta__n, Ecol_gico",29,,2010,Red,Ontanon,Tempranillo Blend,Ecologico,NA,Spain,La Rioja,NA,Rioja,2,DC,4,11,
barcelona,27,27,,"Palacios Remondo, La Vendimia",34,,2012,Red,Palacios Remondo,Grenache Blend,La Vendimia,NA,Spain,La Rioja,NA,Rioja,2,DC,72,25,
barcelona,28,28,,"Palacios Remondo, La Montesa, Crianza",42,,2009,Red,Palacios Remondo,Grenache Blend,La Montesa crianza,NA,Spain,La Rioja,NA,Rioja,2,DC,54,16,
barcelona,29,29,,Bodegas Remelluri,76,,2008,Red,Bodegas Telmo Rodriguez,Tempranillo Blend,Remelluri,NA,Spain,La Rioja,NA,Rioja,2,DC,2,15,
barcelona,30,30,1,"Valserrano, Monovarietal",66,,2009,Red,,,,,,,,,2,DC,82,25,
barcelona,31,31,1,"Valserrano, Monovarietal",66,,2005,Red,,,,,,,,,2,DC,99,2,
barcelona,32,32,,"Torre de O_a, Reserva",70,,2007,Red,Torre de Ona,Tempranillo,Reserva,NA,Spain,La Rioja,La Rioja Alta,Rioja,2,DC,98,28,
barcelona,33,33,,"Ostatu, Crianza",45,,2010,Red,Bodegas Ostatu,Tempranillo Blend,Crianza,NA,Spain,La Rioja,NA,Rioja,2,DC,63,8,
barcelona,34,34,,"Marqu_s de Vargas, Reserva",59,,2007,Red,Bodegas del Marques de Vargas,Tempranillo Blend,Reserva,NA,Spain,La Rioja,NA,Rioja,2,DC,22,9,
barcelona,35,35,,"Marqu_s de Vargas, Privada, Reserva",95,,2005,Red,Bodegas del Marques de Vargas,Tempranillo Blend,Privada Reserva,NA,Spain,La Rioja,NA,Rioja,2,DC,77,15,
barcelona,36,36,,"Marqu_s de Vargas, Hacienda Pradolagar",175,,2001,Red,Bodegas del Marques de Vargas,Tempranillo Blend,Hacienda Pradolagar,NA,Spain,La Rioja,NA,Rioja,2,DC,46,9,
barcelona,37,37,,"Bodegas Muga, Selecci_n Especial, Reserva",84,,2006,Red,Bodegas Muga,Tempranillo Blend,Reserva Seleccion Especial,NA,Spain,La Rioja,La Rioja Alta,Rioja,2,DC,88,26,
barcelona,38,38,,"Bodegas Muga, Torre Muga",145,,2009,Red,Bodegas Muga,Tempranillo Blend,Torre Muga,NA,Spain,La Rioja,La Rioja Alta,Rioja,2,DC,87,9,
barcelona,39,39,,"Baron de Ley, Reserva",52,,2007,Red,Baron de Ley,Tempranillo,Reserva,NA,Spain,La Rioja,NA,Rioja,2,DC,42,28,
barcelona,40,40,1,"Bodegas Luis Alegre, Koden",38,,2011,Red,,,,,,,,,2,DC,82,21,
barcelona,41,41,,"Bodegas Orben, Orben",76,,2006,Red,Bodegas Orben,Tempranillo,Orben,NA,Spain,La Rioja,NA,Rioja,2,DC,73,16,
barcelona,42,42,,"Se_orio de San Vicente, Reserva",112,,2008,Red,Senoria de San Vincente,Tempranillo,San Vicente Reserva,NA,Spain,La Rioja,NA,Rioja,2,DC,11,26,
barcelona,43,43,,Bodegas Mauro,96,,2010,Red,Bodegas Mauro,Tempranillo Blend,Mauro,NA,Spain,Castilla y Leon,NA,Vino de la Tierra de Castilla y Leon,2,DC,14,7,
barcelona,44,44,,"Creta, Roble",38,,2011,Red,Cret,Tempranillo,Roble,NA,Spain,Castilla y Leon,NA,Ribera del Duero,2,DC,41,23,
barcelona,45,45,,"Cruz de Alba, Crianza",55,,2007,Red,Bodegas Cruz de Alba,Tempranillo,Crianza,NA,Spain,Castilla y Leon,NA,Ribera del Duero,2,DC,13,26,
barcelona,46,46,,Venta las Vacas,48,,2010,Red,Bodegas Vizcarra Ramos,Tinto Fino,Venta las Vacas,NA,Spain,Castilla y Leon,NA,Ribera del Duero,2,DC,41,15,
barcelona,47,47,,"Hacienda Monasterio, Crianza",92,,2009,Red,Hacienda Monasterio,Tempranillo Blend,Crianza,La Taberna,Spain,Castilla y Leon,NA,Ribera del Duero,2,DC,10,19,
barcelona,48,48,,"Hacienda Monasterio, Crianza",172,,2011,Red,Hacienda Monasterio,Tempranillo Blend,Crianza,La Taberna,Spain,Castilla y Leon,NA,Ribera del Duero,2,DC,65,2,
barcelona,49,49,1,"Finca de la Maria, Vendimia Seleccionada",44,,2006,Red,,,,,,,,,2,DC,11,19,
barcelona,50,50,,"Vi_a Sastre, Roble",42,,2011,Red,Vina Sastre (Bodegas Hermanos Sastre),Tempranillo,Roble,NA,Spain,Castilla y Leon,NAa,Ribera del Duero,2,DC,69,3,
barcelona,51,51,,"Vi_a Sastre, Pago de Santa Cruz, Gran Reserva",215,,1996,Red,Vina Sastre (Bodegas Hermanos Sastre),Tempranillo Blend,Pago de Santa Cruz Gran Reserva,NA,Spain,Castilla y Leon,NA,Ribera del Duero,2,DC,59,3,
barcelona,52,52,,"Vi_a Sastre, Pago de Santa Cruz, Gran Reserva",198,,1999,Red,Vina Sastre (Bodegas Hermanos Sastre),Tempranillo Blend,Pago de Santa Cruz Gran Reserva,NA,Spain,Castilla y Leon,NA,Ribera del Duero,2,DC,36,8,
barcelona,53,53,1,"Bodegas La Milagroso, Milcampos",40,,2011,Red,,,,,,,,,2,DC,66,14,
barcelona,54,54,,"Vega Clara, Mario",65,,2011,Red,Vega Clara,Tempranillo Blend,Mario,NA,Spain,Castilla y Leon,NA,Ribera del Duero,2,DC,35,16,
barcelona,55,55,,"Finca Villacreces, Pruno",45,,2009,Red,Finca Villacreces,Tempranillo Blend,Pruno,NA,Spain,Castilla y Leon,NA,Ribera del Duero,2,DC,29,20,
barcelona,56,56,,"Condado de Haza, Crianza",60,,2009,Red,Condado de Haza,Tempranillo,Crianza,NA,Spain,Castilla y Leon,NA,Ribera del Duero,2,DC,86,8,
barcelona,57,57,,"Tinto Pesquera, Janus, Gran Reserva",289,,1995,Red,Bodegas Alejandro Fernandez,Tempranillo,Janus Gran Reserva,Pesquera,Spain,Castilla y Leon,NA,Ribera del Duero,2,DC,88,11,
barcelona,58,58,,Psi,79,,2010,Red,Bodegas y Vinedos Alnardo,Tempranillo,Psi,NA,Spain,Castilla y Leon,NA,Ribera del Duero,2,DC,4,10,
barcelona,59,59,,"Bodegas Aalto, Aalto",99,,2011,Red,Bodegas Aalto,Tempranillo,Aalto,NA,Spain,Castilla y Leon,NA,Ribera del Duero,2,DC,10,29,
barcelona,60,60,,Palomero,130,,2005,Red,Bodegas Uvaguilera Aguilera,Tempranillo,Palomero,NA,Spain,Castilla y Leon,NA,Ribera del Duero,2,DC,12,16,
barcelona,61,61,,"Bodegas Emilio Moro, Malleolus",89,,2009,Red,Bodegas Emilio Moro,Tempranillo,Malleolus,NA,Spain,Castilla y Leon,NA,Ribera del Duero,2,DC,64,12,
barcelona,62,62,1,"Bodegas y Vi_edos Alion, Alion, Reserva",168,,2009,Red,,,,,,,,,2,DC,88,27,
barcelona,63,63,,"Vega-Sicilia, Valbuena 5",358,,2007,Red,Bodegas Vega-Sicilia,Tempranillo Blend,Valbuena 5,NA,Spain,Castilla y Leon,NA,Ribera del Duero,2,DC,32,5,
barcelona,64,64,,"Vega-Sicilia, Valbuena 5",326,,2008,Red,Bodegas Vega-Sicilia,Tempranillo Blend,Valbuena 5,NA,Spain,Castilla y Leon,NA,Ribera del Duero,2,DC,23,23,
barcelona,65,65,,"Vega-Sicilia, Valbuena 5",335,,2009,Red,Bodegas Vega-Sicilia,Tempranillo Blend,Valbuena 5,NA,Spain,Castilla y Leon,NA,Ribera del Duero,2,DC,6,21,
barcelona,66,66,,"Vega-Sicilia, Unico",680,,2003,Red,Bodegas Vega-Sicilia,Tempranillo Blend,Unico,NA,Spain,Castilla y Leon,NA,Ribera del Duero,2,DC,53,5,
barcelona,67,67,,"Vega-Sicilia, Unico",656,,2004,Red,Bodegas Vega-Sicilia,Tempranillo Blend,Unico,NA,Spain,Castilla y Leon,NA,Ribera del Duero,2,DC,74,23,
barcelona,68,68,1,"Prieto Picudo, Charco las _nimas, Clan 8",36,,2007,Red,,,,,,,,,2,DC,14,6,
barcelona,69,69,,"Tempranillo, Bodegas Leda, M_s de Leda",48,,2008,Red,Bodegas Leda Vinas Viejas,Tempranillo,Mas de Leda,NA,Spain,Castilla y Leon,NA,Vino de la Tierra de Castilla y Leon,2,DC,93,9,
barcelona,70,70,,Altos de San Esteban,38,,2009,Red,Marques de Bembibre SL,Red Blend,Altos de San Esteban,NA,Spain,Castilla y Leon,NA,Vino de la Tierra de Castilla y Leon,2,DC,92,11,
barcelona,71,71,,"Altos de San Esteban, Vinas de Monte",55,,2009,Red,Marques de Bembibre SL,Mencia,Altos de San Esteban Vinas de Monte,NA,Spain,Castilla y Leon,NA,Vino de la Tierra de Castilla y Leon,2,DC,36,30,
barcelona,72,72,,"Tempranillo, Museum Real, Reserva",65,,2006,Red,Finca Museum,Tinta del Pais,Museum Real Reserva,NA,Spain,Castilla y Leon,NA,Cigales,2,DC,82,25,
barcelona,73,73,,"Tempranillo, Triton",36,,2011,Red,Bodegas Triton,Tempranillo,Rejon,NA,Spain,Castilla y Leon,NA,Vino de la Tierra de Castilla y Leon,2,DC,18,9,
barcelona,74,74,,"Tempranillo, Bodegas y Vi_edos Maurodos, Prima",48,,2010,Red,Bodegas y Vinedos Maurodos,Tempranillo,Prima,NA,Spain,Castilla y Leon,NA,Toro,2,DC,48,8,
barcelona,75,75,,"Tempranillo, Bodegas y Vi_edos Maurodos, San Roman",98,,2010,Red,Bodegas y Vinedos Maurodos,Tinta de Toro,Vina San Roman,NA,Spain,Castilla y Leon,NA,Toro,2,DC,88,9,
barcelona,76,76,,"Tempranillo, Buil & Gin_, Buil",78,,2009,Red,Buil & Gine,Tempranillo,Buil,NA,Spain,Castilla y Leon,NA,Toro,2,DC,21,27,
barcelona,77,77,,"Tempranillo, Pintia",143,,2009,Red,Bodefas Pintia (Vega-Sicilia),Tempranillo,Pintia,NA,Spain,Castilla y Leon,NA,Toro,2,DC,23,8,
barcelona,78,78,,"Garnacha, Menguante, Selecci_n",38,,2007,Red,Vinedos y Bodegas Pablo,Garnacha,Menguante Seleccion,NA,Spain,Aragon,NA,Carinena,2,DC,9,1,
barcelona,79,79,,"Garnacha, Teorema, Vi_as Viejas",24,,2010,Red,Castillo de Maluenda,Garnacha,Teorema Vinas Viejas,NA,Spain,Aragon,NA,Calatayud,2,DC,91,13,
barcelona,80,80,,"Garnacha, Breca",40,,2011,Red,Bodegas Breca,Garnacha,Breca,NA,Spain,Aragon,NA,Calatayud,2,DC,49,4,
barcelona,81,81,,"Garnacha, Vega Sindoa, El Chaparral",36,,2012,Red,Bodega Nekeas,Garnacha,El Chaparral de Vega Sindo,NA,Spain,Navarra,NA,Navarra,2,DC,38,21,
barcelona,82,82,1,"Garnacha, Artazuri, Santa Cruz de Artazu",98,,2009,Red,,,,,,,,,2,DC,16,7,
barcelona,83,83,,Ochoa,32,,2011,Red,Bodegas Ochoa,Tempranillo,Crianza,NA,Spain,Navarra,NA,Navarra,2,DC,12,4,
barcelona,84,84,,"Ochoa, Reserva",52,,2005,Red,Bodegas Ochoa,Tempranillo Blend,Reserva,NA,Spain,Navarra,NA,Navarra,2,DC,6,2,
barcelona,85,85,,"Menc_a, Don Bernardino",32,,2011,Red,Don Bernardino,Mencia,NA,NA,Spain,Galicia,NA,Ribeira Sacra,2,DC,41,27,
barcelona,86,86,,"Menc_a, Abad_a da Cova, Barrica",50,,2011,Red,Adegas Moure,Mencia,Abadia da Cova Barrica,NA,Spain,Galicia,NA,Ribeira Sacra,2,DC,16,29,
barcelona,87,87,1,"Menc_a, Vi_a Cazoga, Don Diego, Crianza",77,,2008,Red,,,,,,,,,2,DC,50,30,
barcelona,88,88,1,"Menc_a, Dominio de Bibei, Lalama",72,,2008,Red,,,,,,,,,2,DC,48,14,
barcelona,89,89,,"Menc_a, Raul Perez, El Pecado",159,,2010,Red,Raul Perez,Mencia,El Pecado,NA,Spain,Galicia,NA,Ribeira Sacra,2,DC,1,28,
barcelona,90,90,,"Menc_a, Finca Millara",84,,2007,Red,Finca Millara,Mencia,NA,NA,Spain,Galicia,NA,Ribeira Sacra,2,DC,21,14,
barcelona,91,91,,"Menc_a, A Portela",34,,2010,Red,Cia de Vinos del Atlantico,Mencio,A Portela,NA,Spain,Galicia,NA,Valdeorras,2,DC,23,17,
barcelona,92,92,1,"Pedralonga, Do Umia",48,,2007,Red,,,,,,,,,2,DC,17,12,
barcelona,93,93,,"Menc_a, Castro Ventosa, El Castro de Valtuille, Joven",34,,2011,Red,Bodegas y Vinedos Castro Ventosa,Mencia,El Castro de Valtuille Joven,NA,Spain,Castilla y Leon,NA,Bierzo,2,DC,13,14,
barcelona,94,94,,"Menc_a, Descendientes de Jose Palacios, Petalos",49,,2011,Red,Descendientes de Jose Palacios,Mencia,Petalos,NA,Spain,Castilla y Leon,NA,Bierzo,2,DC,46,16,
barcelona,95,95,,"Callet, Anima Negra, An",92,,2008,Red,Anima Negra,Callet,An,NA,Spain,Balearic Islands,NA,Vi de La Tierra Mallorca,2,DC,8,12,
barcelona,96,96,,"Anima Negra, An 2",54,,2010,Red,Anima Negra,Red Blend,An/2,NA,Spain,Balearic Islands,NA,Vi de La Tierra Mallorca,2,DC,29,20,
barcelona,97,97,,"Son Prim, Cup",64,,2010,Red,Jaume Liabres,Mantonegro Blend,Son Prim Cup,NA,Spain,Balearic Islands,NA,Vi de La Tierra Mallorca,2,DC,92,5,
barcelona,98,98,,"4 Kilos, Gallinas y Focas",67,,2010,Red,4 Kilos,Mantonegro Blend,Gallinas y Focas,NA,Spain,Balearic Islands,NA,Vi de La Tierra Mallorca,2,DC,34,7,
barcelona,99,99,1,"Bodega Biniagual, Sant Gall",58,,2010,Red,,,,,,,,,2,DC,3,3,
barcelona,100,100,,"Garnatxa, Herencia Alt_s",27,,2012,Red,Herencia Altes,Garnatxa Negra,NA,NA,Spain,Catalunya,Tarragona,Terra Alta,2,DC,97,9,
barcelona,101,101,1,"Sams_, Casa Mariol, Criança",38,,2011,Red,,,,,,,,,2,DC,47,23,
barcelona,102,102,1,De Lloch,34,,2010,Red,,,,,,,,,2,DC,49,13,
barcelona,103,103,,"Vinos Pi_ol, Portal",48,,2010,Red,Vinos Pinol,Grenache Blend,Portal Roble,NA,Spain,Catalunya,Tarragona,Terra Alta,2,DC,84,25,
barcelona,104,104,1,"Vinos Pi_ol, Mather Teresina",112,,2008,Red,,,,,,,,,2,DC,45,17,
barcelona,105,105,1,"Bodegas Edet_ria, Edetana",44,,2009,Red,,,,,,,,,2,DC,79,10,
barcelona,106,106,1,"Castell del Remei, Sicoris",34,,2009,Red,,,,,,,,,2,DC,8,28,
barcelona,107,107,,"Tom_s Cusin_, Vilosell",44,,2009,Red,Tomas Cusine,Tempranillo Blend,Vilosell,NA,Spain,Catalunya,NA,Costers del Segree,2,DC,39,29,
barcelona,108,108,,"Tom_s Cusin_, Geol",56,,2007,Red,Tomas Cusine,Red Blend,Geol,NA,Spain,Catalunya,NA,Costers del Segree,2,DC,79,21,
barcelona,109,109,,"Celler el Masroig, Sola Fred",28,,2009,Red,Celler el Masroig,Carignan Blend,Sola Fred,NA,Spain,Catalunya,Tarragona,Montsant,2,DC,67,23,
barcelona,110,110,,"Ac_stic Celler, Ac_stic",44,,2010,Red,Acustic Celler,Carignan Blend,Acustic,NA,Spain,Catalunya,Tarragona,Montsant,2,DC,14,28,
barcelona,111,111,,"Celler Dosterras, Vespres",55,,2010,Red,Celler Dosterras,Garnacha,Vespres,NA,Spain,Catalunya,Tarragona,Montsant,2,DC,32,26,
barcelona,112,112,,"Portal del Montsant, Brunus",52,,2008,Red,Portal del Montsant,Garnacha,Brunus,NA,Spain,Catalunya,Tarragona,Montsant,2,DC,5,22,
barcelona,113,113,1,"R.O.Q. Corporation, R-Oh",39,,2010,Red,,,,,,,,,2,DC,94,19,
barcelona,114,114,,"Celler Besllum, Besllum",38,,2008,Red,Celler Malondro,Grenache Blend,Besllum,NA,Spain,Catalunya,Tarragona,Montsant,2,DC,82,18,
barcelona,115,115,,Laurona,52,,2007,Red,Laurona,Red Blend,NA,NA,Spain,Catalunya,Tarragona,Montsant,2,DC,65,6,
barcelona,116,116,1,"Laurona, Seleccio de 6 Vinyes",75,,2005,Red,,,,,,,,,2,DC,62,2,
barcelona,117,117,,Espectacle,294,,2010,Red,Spectacle Vins,Garnacha,Espectacle,NA,Spain,Catalunya,Tarragona,Montsant,2,DC,85,13,
barcelona,118,118,,Cesca Vicent,48,,2010,Red,Cesca Vincent,Grenache Blend,Cesca Vincent,NA,Spain,Catalunya,NA,Priorat,2,DC,43,26,
barcelona,119,119,,"Cesca Vicent, Lo Piot",56,,2006,Red,Cesca Vincent,Grenache Blend,Lo Piot,NA,Spain,Catalunya,NA,Priorat,2,DC,49,18,
barcelona,120,120,,"Ardèvol, Coma d_en Romeu",69,,2009,Red,Ardevol,Red Blend,Coma d'en Romeu,NA,Spain,Catalunya,NA,Priorat,2,DC,49,14,
barcelona,121,121,,"Celler de L_Encastell, Marge",58,,2010,Red,Celler de L'Encastell,Red Blend,Marge,NA,Spain,Catalunya,NA,Priorat,2,DC,93,21,
barcelona,122,122,,"Celler Cal Pla, Mas d_En Compte",77,,2007,Red,Celler Cal Pla,Grenache Blend,NA,Mas d'en Compte,Spain,Catalunya,NA,Priorat,2,DC,23,27,
barcelona,123,123,,"Cims De Porrera, Solanes",74,,2007,Red,Cims de Porrera,Red Blend,Solanes,NA,Spain,Catalunya,NA,Priorat,2,DC,16,13,
barcelona,124,124,,"Cims De Porrera, Cl_ssic",150,,2005,Red,Cims de Porrera,Carignan Blend,Classic,NA,Spain,Catalunya,NA,Priorat,2,DC,17,14,
barcelona,125,125,1,"Clos Figueres, Font de la Figuera",82,,2010,Red,,,,,,,,,2,DC,52,20,
barcelona,126,126,1,"Clos Figueres, Font de la Figuera",126,,2004,Red,,,,,,,,,2,DC,41,23,
barcelona,127,127,,Clos Figueres,104,,2006,Red,Cols Figueras,Grenache Blend,Clos Figueres,NA,Spain,Catalunya,NA,Priorat,2,DC,29,19,
barcelona,128,128,,Clos Figueres,158,,2009,Red,Cols Figueras,Grenache Blend,Clos Figueres,NA,Spain,Catalunya,NA,Priorat,2,DC,83,14,
barcelona,129,129,,"Celler Vall Llach, Embruix",54,,2009,Red,Celler Vall Llach,Grenache Blend,Embruix,NA,Spain,Catalunya,NA,Priorat,2,DC,98,13,
barcelona,130,130,,"Alvaro Palacios, Finca Dofi",122,,2010,Red,Alvaro Palacios,Red Blend,Finca Dofi,NA,Spain,Catalunya,NA,Priorat,2,DC,93,29,
barcelona,131,131,,"Clos Mogador, Manyetes",135,,2010,Red,Clos Mogador,Red Blend,Manyetes,NA,Spain,Catalunya,NA,Priorat,2,DC,23,15,
barcelona,132,132,,Clos Mogador,184,,2010,Red,Clos Mogador,Red Blend,NA,NA,Spain,Catalunya,NA,Priorat,2,DC,88,13,
barcelona,133,133,,Clos Mogador,155,,2011,Red,Clos Mogador,Red Blend,NA,NA,Spain,Catalunya,NA,Priorat,2,DC,1,4,
barcelona,134,134,1,"Ester Nin, Nit de Nin",169,,2010,Red,,,,,,,,,2,DC,55,29,
barcelona,135,135,,Clos Erasmus,346,,2010,Red,Clos Erasmus,Grenache Blend,NA,NA,Spain,Catalunya,NA,Priorat,2,DC,70,29,
barcelona,136,136,,"Garnacha, Par_s Balt_, Hisenda Miret",90,,2006,Red,Pares Balta,Garnacha,Hisenda Miret,NA,Spain,Catalunya,NA,Penedes,2,DC,31,21,
barcelona,137,137,,"Trepat, Josep Foraster",48,,2011,Red,Mas Foraster,Trepat,Josep Foraster,NA,Spain,Catalunya,Tarragona,Conca de Barbera,2,DC,87,22,
barcelona,138,138,,"Josep Foraster, Criança",38,,2010,Red,Mas Foraster,Red Blend,Josep Foraster Crianca,Montblanc,Spain,Catalunya,Tarragona,Conca de Barbera,2,DC,87,29,
barcelona,139,139,,"Garnacha, Espelt, Old Vines",29,,2012,Red,Espelt,Garnacha,Old Vines,NA,Spain,Catalunya,NA,Emporda,2,DC,35,21,
barcelona,140,140,,"Mas Oller, Pur",46,,2010,Red,Mas Oller,Grenache Blend,Pur,NA,Spain,Catalunya,NA,Emporda,2,DC,38,8,
barcelona,141,141,1,"La Vinyeta, Heus Negre",33,,2012,Red,,,,,,,,,2,DC,15,14,
barcelona,142,142,1,"Bobal, Bodegas Sierra Norte, Pasion de Bobal",35,,2010,Red,,,,,,,,,2,DC,88,8,
barcelona,143,143,,"Pinot Noir, Bodegas Hispano Suizas, Bassus",64,,2009,Red,Bodegas Hispano-Suizas,Pinot Noir,Bassus,NA,Spain,Valencia,NA,Utiel-Requena,2,DC,80,26,
barcelona,144,144,1,"Garnacha Tintorera, Bodegas Rafael Cambra, Soplo",26,,2010,Red,,,,,,,,,2,DC,67,27,
barcelona,145,145,,"Celler del Roure, Les Alcusses",30,,2008,Red,Celler del Roure,Red Blend,Les Alcusses,NA,Spain,Valencia,NA,Valencia,2,DC,34,1,
barcelona,146,146,,"Celler del Roure, Maduresa",56,,2006,Red,Celler del Roure,Red Blend,Maduresa,NA,Spain,Valencia,NA,Valencia,2,DC,15,9,
barcelona,147,147,,"Monastrell, Hilanda",32,,2012,Red,Pedro Luis Martinez,Monastrell,Hilanda,NA,Spain,Murcia,NA,Jumilla,2,DC,97,17,
barcelona,148,148,1,"Monastrell, Hilanda, Arriba T_rmino",42,,2009,Red,,,,,,,,,2,DC,94,13,
barcelona,149,149,,"Bodegas Carchelo, Carchelo",32,,2012,Red,Bodegas Carchelo (Agapito Rico),Red Blend,"Carchelo ""C""",NA,Spain,Murcia,NA,Jumilla,2,DC,28,12,
barcelona,150,150,,"Casa Castillo, Las Gravas",59,,2009,Red,Casa Castillo (Julia Roche E Hijos),Red Blend,Las Gravas,NA,Spain,Murcia,NA,Jumilla,2,DC,22,12,
barcelona,151,151,,"Bodegas Casta_o, Solanera",32,,2009,Red,Bodegas Castano,Mourvedre Blend,Solanera Vinas Viejas,NA,Spain,Murcia,NA,Yecla,2,DC,27,18,
barcelona,152,152,,"Jimenez Landi, Sotorrondero",50,,2010,Red,Jimenez Landi,Red Blend,Sotorrondero,NA,Spain,Castilla-La Mancha,NA,Mentrida,2,DC,17,21,
barcelona,153,153,,"Tempranillo, Flaco",21,,2012,Red,Bodegas Flaco,Tempranillo,NA,NA,Spain,Madrid,NA,Vinos de Madrid,2,DC,42,6,
barcelona,154,154,,"Garnacha, Bernabeleva, Camino de Navaherreros",38,,2012,Red,Vinedos Bernabeleva,Garnacha,Camino de Navaherreros,NA,Spain,Madrid,NA,Vinos de Madrid,2,DC,21,9,
barcelona,155,155,,"Tempranillo, Senda 66",28,,2010,Red,Bodegas Candalaria,Tempranillo,Senda 66,NA,Spain,Castilla-La Mancha,NA,La Mancha,2,DC,8,29,
barcelona,156,156,1,"Tempranillo, Bodegas Verduguez, Volver",40,,2011,Red,,,,,,,,,2,DC,80,12,
barcelona,157,157,,"Tempranillo, Bodega Fontana, Esencia de Fontana",36,,2011,Red,Bodegas Fontana,Tempranillo,Esencia de Fontana,NA,Spain,Castilla-La Mancha,NA,Ucles,2,DC,27,11,
barcelona,158,158,,"Graciano, Finca Los Alijares",37,,2010,Red,Finca Los Alijares,Graciano,NA,NA,Spain,Castilla-La Mancha,NA,Vino de la Tierra de Castilla,2,DC,36,10,
barcelona,159,159,,"Bobal, Vega Tolosa, 11 Pinos",24,,2011,Red,Vega Tolosa,Bobal,11 Pinos Bobal Old Vines,NA,Spain,Castilla-La Mancha,NA,Manchuela,2,DC,46,16,
barcelona,160,160,,"Bobal, Bodegas Ponce, Clos Lojen",34,,2012,Red,Bodegas Ponce,Bobal,NA,Clos Lojen,Spain,Castilla-La Mancha,NA,Manchuela,2,DC,11,20,
barcelona,161,161,,"Bobal, Bodegas Ponce, La Casilla",52,,2012,Red,Bodegas Ponce,Bobal,La Casilla,NA,Spain,Castilla-La Mancha,NA,Manchuela,2,DC,76,5,
barcelona,162,162,,"Bobal, Finca Sandoval, Signo",45,,2009,Red,Finca Sandoval,Syrah Blend,Signo Bobal,NA,Spain,Castilla-La Mancha,NA,Manchuela,2,DC,39,24,
barcelona,163,163,,"Bodegas Ponce, Buena Pinta",48,,2012,Red,Bodegas Ponce,Garnacha,Buena Pinta,NA,Spain,Castilla-La Mancha,NA,Manchuela,2,DC,68,8,
barcelona,164,164,,"Finca Sandoval, Salia",38,,2009,Red,Finca Sandoval,Syrah Blend,Salia,NA,Spain,Castilla-La Mancha,NA,Manchuela,2,DC,25,27,
barcelona,165,165,,"Almansenas, La Huella de Adaras",30,,2008,Red,Bodegas Almansenas,Red Blend,La Huella de Adaras,NA,Spain,Castilla-La Mancha,NA,Almansa,2,DC,53,19,
barcelona,166,166,,"Pinot Noir, Pagos de Indalia",64,,2011,Red,Pagos de Indalia,Pinot Noir,NA,NA,Spain,Andalucia,NA,Vino de la Tierra Ribera del Andarax,2,DC,25,13,
barcelona,167,167,,"Jos_ Maria da Fonseca, Domini",56,,2007,Red,Jose Maria da Fonseca,Red Blend,Domini,NA,Portugal,Douro,NA,Douro,2,DC,85,20,
barcelona,168,168,,"Prats & Symington, Post Scriptum ",50,,2010,Red,Prats and Symington,Red Blend,Post Scriptum de Chryseia,NA,Portugal,Douro,NA,Douro,2,DC,55,4,
barcelona,169,169,,"Pinot Noir, Jelu",38,,2010,Red,Jelu,Pinot Noir,NA,NA,Argentina,Patagonia,NA,NA,2,DC,98,26,
barcelona,170,170,,"Pinot Noir, Familia Schroeder, Saurus Patagonia Select, Neuquen",48,,2012,Red,Bodega Familia Schroeder,Pinot Noir,Saurus Select,NA,Argentina,Patagonia,NA,Neuquen,2,DC,48,5,
barcelona,171,171,,"Pinot Noir, Chacra, Barda, Rio Negro",68,,2011,Red,Bodega Chacra,Pinot Noir,Barda,NA,Argentina,Patagonia,Rio Negro,Rio Negro,2,DC,31,12,
barcelona,172,172,,"Malbec, Ruta 22, Neuquen",29,,2011,Red,Ruta 22,Malbec,NA,NA,Argentina,Patagonia,NA,Neuquen,2,DC,28,6,
barcelona,173,173,,"Bonarda, Earth First, Organically Grown",28,,2010,Red,Earth First,Bonarda,NA,NA,Argentina,Mendoza,NA,NA,2,DC,9,2,
barcelona,174,174,,"Bonarda, Bodegas Nieto Senetiner, Limited Edition, Agrelo",72,,2009,Red,Bodegas Nieto Senetiner,Bonarda,Limited Edition,NA,Argentina,Mendoza,Lujan de Cuyo,Agrelo,2,DC,23,2,
barcelona,175,175,1,"Malbec, Bodegas Goulart, Clasico",22,,2011,Red,,,,,,,,,2,DC,67,21,
barcelona,176,176,1,"Malbec, Bodegas Goulart, The Marshall",38,,2009,Red,,,,,,,,,2,DC,92,8,
barcelona,177,177,1,"Malbec, Vina Alicia, Paso de Piedra, Las Compuertas",42,,2010,Red,,,,,,,,,2,DC,55,21,
barcelona,178,178,1,"Malbec, Hacienda del Plata, Arriero Reserve, Castro Barros",48,,2009,Red,,,,,,,,,2,DC,94,12,
barcelona,179,179,1,"Malbec, Roberto Bonfanti, Alpha Gran Reserva, Perdriel",59,,2008,Red,,,,,,,,,2,DC,2,23,
barcelona,180,180,,"Malbec, Achaval Ferrer, Finca Bella Vista, Perdriel",189,,2011,Red,Achaval - Ferrer,Malbec,Perdriel,Finca Bella Vista,Argentina,Mendoza,NA,NA,2,DC,74,20,
barcelona,181,181,,"Malbec, Earth First, Organically Grown",30,,2011,Red,Earth First,Malbec,NA,NA,Argentina,Mendoza,NA,NA,2,DC,84,30,
barcelona,182,182,,"Cabernet Sauvignon, Casarena",40,,2012,Red,Casarena,Cabernet Sauvignon,NA,NA,Argentina,Mendoza,Lujan de Cuyo,Agrelo,2,DC,21,29,
barcelona,183,183,,"Earth First, Organically Grown Reserva",52,,2009,Red,Earth First,Malbec Blend,Reserva,NA,Argentina,Mendoza,NA,NA,2,DC,3,24,
barcelona,184,184,,"Quieto, Agrelo",44,,2006,Red,Quieto,Malbec Blend,NA,NA,Argentina,Mendoza,Lujan de Cuyo,Agrelo,2,DC,59,21,
barcelona,185,185,,"Quieto, Reserva, Agrelo",64,,2006,Red,Quieto,Malbec Blend,Reserva,NA,Argentina,Mendoza,Lujan de Cuyo,Agrelo,2,DC,57,20,
barcelona,186,186,,"Vistalba, Corte C",28,,2011,Red,Bodega Vistalba,Red Bordeaux Blend,Corte C,NA,Argentina,Mendoza,Lujan de Cuyo,Vistalba,2,DC,53,27,
barcelona,187,187,,"Vistalba, Corte B ",56,,2010,Red,Bodega Vistalba,Red Blend,Corte B,NA,Argentina,Mendoza,Lujan de Cuyo,Vistalba,2,DC,67,21,
barcelona,188,188,,Nicol_s Catena Zapata,210,,2008,Red,Bodega Catena Zapata,Red Bordeaux Blend,Nicolas Catena Zapata,NA,Argentina,Mendoza,NA,NA,2,DC,11,29,
barcelona,189,189,1,"Malbec, Punta Pays, Cruz de Piedra",23,,2012,Red,,,,,,,,,2,DC,64,22,
barcelona,190,190,,"Malbec, Do_a Silvina",47,,2009,Red,CK Dona Silvina,Malbec,NA,NA,Argentina,Mendoza,NA,NA,2,DC,28,25,
barcelona,191,191,,"Bonarda, Familia Mayol, Vista Flores",33,,2012,Red,Familia Mayol,Bonarda,NA,Pircas,Argentina,Mendoza,Valle de Uco,Vista Flores,2,DC,75,7,
barcelona,192,192,1,"Malbec, Gouguenheim, Tupungato",28,,2012,Red,,,,,,,,,2,DC,73,9,
barcelona,193,193,1,"Malbec, Tierra Divina, Old Vines, San Carlos",44,,2009,Red,,,,,,,,,2,DC,16,30,
barcelona,194,194,1,"Malbec, Vale la Pena, Single Vineyard, San Carlos",68,,2007,Red,,,,,,,,,2,DC,49,24,
barcelona,195,195,1,"Malbec, Finca Abril, Rapsodia, La Consulta",40,,2010,Red,,,,,,,,,2,DC,64,9,
barcelona,196,196,1,"Malbec, Finca Abril, Single Vineyard de 1922, La Consulta",68,,2007,Red,,,,,,,,,2,DC,12,18,
barcelona,197,197,,"Cabernet Sauvignon, Navarro Correas, Alegor_a, Gran Reserva",56,,2007,Red,Navarro Correas,Cabernet Sauvignon,Alegoria Gran Reserva,NA,Argentina,Mendoza,NA,NA,2,DC,16,27,
barcelona,198,198,,"Familia Mayol, Cuatro Primos",50,,2011,Red,Familia Mayol,Malbec Blend,Cuatro Primos,NA,Argentina,Mendoza,NA,NA,2,DC,51,12,
barcelona,199,199,,"Finca Flichman, Paisaje de Tupungato, Tupungato",39,,2008,Red,Finca Flichman,Red Bordeaux Blend,Paisaje de Tupungato,NA,Argentina,Mendoza,NA,NA,2,DC,24,3,
barcelona,200,200,,"Antucura, Calcura",45,,2010,Red,Antucura,Red Blend,Calcura,NA,Argentina,Mendoza,Valle de Uco,NA,2,DC,8,2,
barcelona,201,201,,"Antucura, Gran Vin, Vista Flores",65,,2007,Red,Antucura,Red Bordeaux Blend,Gran Vin,NA,Argentina,Mendoza,Valle de Uco,Vista Flores,2,DC,1,10,
barcelona,202,202,,"Achaval Ferrer, Quimera",90,,2010,Red,Achaval - Ferrer,Red Bordeaux Blend,Quimera,NA,Argentina,Mendoza,Lujan de Cuyo,NA,2,DC,11,15,
barcelona,203,203,1,"La Posta del Vi_atero, Cocina Blend, La Consulta",32,,2011,Red,,,,,,,,,2,DC,93,2,
barcelona,204,204,,"Malbec, Michel Torino, Don David",40,,2011,Red,Don David,Malbec,NA,Michel Torino,Argentina,Salta,NA,Calchaquies,2,DC,55,20,
barcelona,205,205,,"Cabernet Sauvignon, Pe_alolen",46,,2008,Red,Vina Penalolen,Cabernet Sauvignon,NA,NA,Chile,Maipo Valley,NA,NA,2,DC,11,12,
barcelona,206,206,,"Antiyal, Kuyen",65,,2010,Red,Antiyal,Red Blend,Kuyen,NA,Chile,Maipo Valley,NA,NA,2,DC,41,29,
barcelona,207,207,,"Alta_r, Sideral",59,,2009,Red,Altair Vineyards & Winery,Red Bordeaux Blend,Sideral,NA,Chile,Rapel Valley,NA,NA,2,DC,54,8,
barcelona,208,208,,"Cabernet Sauvignon, Terranoble, Gran Reserva",36,,2011,Red,TerraNoble,Cabernet Sauvignon,Gran Reserva,NA,Chile,Rapel Valley,Colchagua Valley,NA,2,DC,37,11,
barcelona,209,209,,"Syrah, Polkura",44,,2010,Red,Polkura,Syrah,NA,NA,Chile,Rapel Valley,Colchagua Valley,NA,2,DC,30,7,
barcelona,210,210,,"Malbec, Polkura",50,,2011,Red,Polkura,Malbec,NA,Marchigue,Chile,Rapel Valley,Colchagua Valley,NA,2,DC,11,2,
barcelona,211,211,1,"Bodegas Emiliana, Coyam",79,,2009,Red,,,,,,,,,2,DC,47,24,
barcelona,212,212,,"Cabernet Sauvignon, Echeverria, Limited Edition",52,,2009,Red,Echeverria,Cabernet Sauvignon,Limited Edition,NA,Chile,Central Valley,NA,NA,2,DC,11,17,
barcelona,213,213,,"Pinot Noir, Casas del Bosque, Gran Reserva",45,,2012,Red,Casas del Bosque,Pinot Noir,Gran Reserva,NA,Chile,Casablanca Valley,NA,NA,2,DC,72,16,
barcelona,214,214,,"Pinot Noir, Kingston Family, Tobiano",46,,2010,Red,Kingston Family Vineyards,Pinot Noir,Tobiano,NA,Chile,Casablanca Valley,NA,NA,2,DC,68,2,
barcelona,215,215,,"Pinot Noir, Cono Sur, 20 Barrels",64,,2009,Red,Vina Cono Sur,Pinot Noir,20 Barrels,NA,Chile,Casablanca Valley,NA,NA,2,DC,5,7,
barcelona,216,216,1,"Pinot Noir Vi_a Leyda, Classic",29,,2011,Red,,,,,,,,,2,DC,46,6,
barcelona,217,217,,"Pinot Noir, Amayna",72,,2010,Red,Amayna (Vina Garces Silva),Pinot Noir,NA,NA,Chile,San Antonio Valley,Leyda Valley,NA,2,DC,51,5,
barcelona,218,218,,"Carm_nère, TerraNoble, Reserva",29,,2011,Red,TerraNoble,Carmenere,Reserva,NA,Chile,Maule Valley,NA,NA,2,DC,90,28,
barcelona,219,219,,"Vi_edo de los Vientos, Eolo Gran Reserva",45,,2008,Red,Vinedo de los Vientos,Tannat,Eolo Gran Reserva,NA,Uruguay,Coastal Region,NA,Atlantida,2,DC,56,8,
barcelona,220,220,1,"Tannat, Bodegas Carrau, Ysern _Blend of Regions_",45,,2007,Red,,,,,,,,,2,DC,28,25,
barcelona,221,221,,"Tannat, Bodegas Carrau, Amat",59,,2007,Red,Bodegas Carrau,Tannat,Amat,NA,Uruguay,Rivera,Cerro Chapeu,NA,2,DC,76,25,
barcelona,222,222,1,"Tannat, Bodegas Bouza, Parcela Unica B6",80,,2010,Red,,,,,,,,,2,DC,40,22,
barcelona,223,223,,"Nebbiolo, Bodegas Carrau, Vilasar",89,,2004,Red,Bodegas Carrau,Nebbiolo,Vilasar,NA,Uruguay,Canelones ,Las Violetas,NA,2,DC,53,22,
barcelona,224,224,1,"Bodegas Bouza, Monte Vide Eu",112,,2010,Red,,,,,,,,,2,DC,54,24,
barcelona,225,225,,Hedges Family Estate,59,,2010,Red,Hedges Family Estate,Red Bordeaux Blend,NA,NA,USA,Washington,Columbia Valley,Red Mountain,2,DC,97,23,
barcelona,226,226,,"Pinot Noir, Montinore Estate",44,,2011,Red,Montinore Estate,Pinot Noir,NA,NA,USA,Oregon,Willamette Valley,Willamette Valley,2,DC,95,4,
barcelona,227,227,1,"Pinot Noir, Freja Cellars Estate",41,,2010,Red,,,,,,,,,2,DC,80,18,
barcelona,228,228,,"Pinot Noir, J. Christopher",65,,2011,Red,J Christopher,Pinot Noir,NA,NA,USA,Oregon,Willamette Valley,Willamette Valley,2,DC,35,11,
barcelona,229,229,,"Pinot Noir, St. Innocent, Momtazi Vineyard, McMinnville",75,,2011,Red,St. Innocent,Pinot Noir,NA,Momtazi Vineyard,USA,Oregon,Willamette Valley,McMinnville,2,DC,23,19,
barcelona,230,230,1,"Pinot Noir, Bergstr_m, Silice Vineyards, Chehalem Mountains",138,,2012,Red,,,,,,,,,2,DC,17,9,
barcelona,231,231,,"Pinot Noir, Copain, Tous Ensemble, Anderson Valley",69,,2011,Red,Copain,Pinot Noir,Tous Ensemble,NA,USA,California,North Coast,Anderson Valley,2,DC,73,5,
barcelona,232,232,,"Pinot Noir, Peay Vineyards, Sonoma Coast",97,,2011,Red,Peay Vineyards,Pinot Noir,Pomarium,Estate,USA,California,Sonoma County,Sonoma Coast,2,DC,10,17,
barcelona,233,233,1,"Cabernet Sauvignon, Stuhmuller Vineyards, Alexander Valley",78,,2009,Red,,,,,,,,,2,DC,12,1,
barcelona,234,234,,"Pinot Noir, Domaine Carneros, Los Carneros",65,,2011,Red,Domaine Laurier,Pinot Noir,Los Carneros,NA,USA,California,"Napa, Sonoma",Carneros,2,DC,19,17,
barcelona,235,235,,"Cabernet Sauvignon, Banshee",89,,2010,Red,Banshee,Cabernet Sauvignon,NA,NA,USA,California,Napa Valley,Napa Valley,2,DC,63,16,
barcelona,236,236,,"Cabernet Sauvignon, Seavey Vineyard, Caravina",127,,2010,Red,Seavey Vineyard,Cabernet Sauvignon,Caravina,NA,USA,California,Napa Valley,Napa Valley,2,DC,93,21,
barcelona,237,237,,"Steltzner, Claret, Stags Leap",41,,2011,Red,Steltzner Vineyards,Red Bordeaux Blend,Claret,NA,USA,California,Napa Valley,Stags Leap District,2,DC,64,11,
barcelona,238,238,,"Robert Sinskey Vineyards, POV",86,,2009,Red,Robert Sinskey Vineyards,Red Bordeaux Blend,POV,NA,USA,California,Napa Valley,Napa Valley,2,DC,58,3,
barcelona,239,239,,"Merryvale, Profile",258,,2008,Red,Merryvale,Red Bordeaux Blend,Profile,NA,USA,California,Napa Valley,Napa Valley,2,DC,53,11,
barcelona,240,240,,"Pinot Noir, Folk Machine",42,,2012,Red,Folk Machine,Pinot Noir,NA,NA,USA,California,Central Coast,Central Coast,2,DC,90,26,
barcelona,241,241,,"Syrah, Qup_",45,,2011,Red,Qupe,Syrah,NA,NA,USA,California,Central Coast,Central Coast,2,DC,46,23,
barcelona,242,242,,"Grenache, Qup_, Sawyer-Lindquist Vineyard, Edna Valley",86,,2011,Red,Qupe,Grenache,NA,Sawyer Lindquist Vineyard,USA,California,Central Coast,Edna Valley,2,DC,40,10,
barcelona,243,243,,"Pinot Noir, Dierberg, Santa Maria Valley",94,,2009,Red,Dierberg,Pinot Noir,NA,NA,USA,California,Central Coast,Santa Maria Valley,2,DC,85,12,
barcelona,244,244,,"Pinot Noir, Sandhi, Santa Rita Hills",80,,2011,Red,Sandhi Wines,Pinot Noir,NA,NA,USA,California,Central Coast,Sta. Rita Hills,2,DC,99,20,
barcelona,245,245,,"Grenache, Sans Liege, Groundwork",62,,2011,Red,Groundwork,Grenache,NA,NA,USA,California,Central Coast,Central Coast,2,DC,42,26,
barcelona,246,246,1,Vin del Mercat,36,,2011,Red,,,,,,,,,2,DC,58,12,
barcelona,247,247,,"Grenache, Domaine Gramenon, L__l_mentaire, C_tes du Rh_ne",65,,2012,Red,Domaine Gramenon,Red Rhone Blend,L'Elementaire,NA,France,Rhone,Southern Rhone,Cotes du Rhone,2,DC,9,3,
barcelona,248,248,,"Syrah, Louis Cheze",36,,2011,Red,Domaine Louis Cheze,Syrah,Belle Demoiselle,NA,France,Rhone,Northern Rhone,Cote-Rotie,2,DC,63,8,
barcelona,249,249,,"Syrah, Eric Texier, Brezme, Cotes du Rhone",72,,2008,Red,Eric Texeir,Syrah,NA,NA,France,Rhone,Northern Rhone,Cotes du Rhone-Brezeme,2,DC,56,1,
barcelona,250,250,,"Adissat, Lirac",49,,2011,Red,L.O. Rhone,Red Rhone Blend,Adissat,NA,France,Rhone,Southern Rhone,Lirac,2,DC,43,15,
barcelona,251,251,1,"Ch. de Saint Cosme, Chateauneuf-du-Pape",106,,2010,Red,,,,,,,,,2,DC,99,8,
barcelona,252,252,,"Elian da Ros, Chante Coucou",62,,2008,Red,Elian Da Ros,Red Blend,NA,Chante Coucou,France,Southwest France,NA,Cotes du Marmandais,2,DC,93,14,
barcelona,253,253,,"Pinot Noir, Domaine de Chatenoy, Menetou-Salon",36,,2008,Red,Domaine de Chatenoy,Pinot Noir,NA,NA,France,Loire Valley,Upper Loire,Menetou-Salon,2,DC,77,13,
barcelona,254,254,1,"Gamay, Domaine Richon, Les Chateliers, Anjou",28,,2010,Red,,,,,,,,,2,DC,74,29,
barcelona,255,255,,"Cabernet Franc, Domaine Bernard Baudry, Chinon",44,,2011,Red,Domaine Bernard Baudry,Cabernet Franc,NA,La Croix Boissee,France,Loire Valley,Touraine,Chinon,2,DC,19,12,
barcelona,256,256,,"Cabernet Franc, Domaine Bernard Baudry, Les Gr_zeaux, Chinon",65,,2011,Red,Domaine Bernard Baudry,Cabernet Franc,NA,Les Grezeaux,France,Loire Valley,Touraine,Chinon,2,DC,99,5,
barcelona,257,257,,"Cabernet Franc, Couly-Dutheil, Clos de l_Olive, Chinon",68,,2010,Red,Couly-Dutheil,Cabernet Franc,NA,Clos de L'Olive,France,Loire Valley,Touraine,Chinon,2,DC,93,7,
barcelona,258,258,,"Cabernet Franc, Domaine des Roches Neuves, Saumur-Champigny",48,,2013,Red,Domaine des Rouches Neuves,Cabernet Franc,NA,NA,France,Loire Valley,Anjou-Saumur,Saumur - Champigny,2,DC,97,15,
barcelona,259,259,,"Gamay, Domaine des Terres Dor_es, L_Ancien",39,,2012,Red,Domaine des Terres Dorees (Jean - Paul Brun),Gamay,L'Ancien,NA,France,Burgundy,Beaujolais,Beaujolais,2,DC,66,6,
barcelona,260,260,,"Gamay, Domaine Cheysson, Clos les Farges, Chiroubles",44,,2011,Red,Domaine Cheysson,Gamay,NA,Clos les Farges,France,Burgundy,Beaujolais,Chiroubles,2,DC,22,2,
barcelona,261,261,,"Gamay, Domaine Piron & Lafont, Quartz, Chenas",48,,2010,Red,Domaine Piron & Lafont / Piron- Lameloise,Gamay,Quartz,NA,France,Burgundy,Beaujolais,Chenas,2,DC,63,22,
barcelona,262,262,,"Pinot Noir, Regis Bouvier, Clos du Roy, Marsannay",77,,2010,Red,Regis Bouvier,Pinot Noir,NA,Clos du Roy,France,Burgundy,Cote de Nuits,Marsannay,2,DC,41,12,
barcelona,263,263,1,"Pinot Noir, Clos de Tart, Grand Cru, Morey-Saint-Denis",617,,2010,Red,,,,,,,,,2,DC,25,11,
barcelona,264,264,,"Pinot Noir, Eric de Suremain, Les Preaux, 1er Cru, Rully",74,,2009,Red,Eric de Suremain,Pinot Noir,NA,Les Preaux,France,Burgundy,Cote Chalonnaise,Rully 1er Cru,2,DC,90,16,
barcelona,265,265,,"Pinot Noir, Paul Garaudet, Cuv_e Paul, Monthelie",80,,2010,Red,Paul Garaudet,Pinot Noir,Cuvee Paul,NA,France,Burgundy,Cote de Beaune,Monthelie,2,DC,51,21,
barcelona,266,266,,"Chateau Lassegue, Grand Cru, Saint _milion",84,,2004,Red,Chateau Lassegue,Red Bordeaux Blend,NA,NA,France,Bordeaux,Libournais,St. Emilion Grand Cru,2,DC,91,18,
barcelona,267,267,,"Chateau Gombaude-Guillot, Pomerol",126,,2004,Red,Chateau Gombaude- Guillot ,Red Bordeaux Blend,NA,NA,France,Bordeaux,Libournais,Pomerol,2,DC,21,6,
barcelona,268,268,,"Domaine Tempier, Cuv_e Classique",92,,2011,Red,Domaine Tempier,NA,NA,NA,France,,,,2,DC,41,3,
barcelona,269,269,,Clos La Coutale,39,,2010,Red,Clos La Coutale,Malbec Blend,NA,NA,France,Southwest France,NA,Cahors,2,DC,39,8,
barcelona,270,270,1,"Jean-Luc Baldès, Esprit de Flore",32,,2009,Red,,,,,,,,,2,DC,69,3,
barcelona,271,271,1,Famille LaPlace,36,,2009,Red,,,,,,,,,2,DC,29,22,
barcelona,272,272,,Chateau Montus,70,,2006,Red,Chateau Montus,Tannat Blend,NA,NA,France,Southwest France,NA,Madiran,2,DC,70,5,
barcelona,273,273,,"L_Arco, Pario",125,,2007,Red,L'Arco,Red Blend,Pario,NA,Italy,Veneto,NA,Veronese IGT,2,DC,21,13,
barcelona,274,274,,"G. Quintarelli, Valpolicella Classico Superiore",144,,2004,Red,Giuseppe Quintarelli,Corvina Blend,NA,NA,Italy,Veneto,Valpolicella,Valpolicella Classico Superiore,2,DC,61,2,
barcelona,275,275,,"Dolcetto, Marziano Abbona, Pap_ Celso, Dogliani",59,,2010,Red,Marziano Abbona,Dolcetto,Papa Celso,NA,Italy,Piedmont,Langhe,Dogliani,2,DC,1,28,
barcelona,276,276,,"Barbera del Monferrato, Cantine Valpane, Rosso Pietro",38,,2011,Red,Cantine Valpane,Barbera,Rosso Pietro,NA,Italy,Piedmont,Monferrato,Barbera del Monferrato,2,DC,63,4,
barcelona,277,277,,"Nebbiolo, De Forville, Langhe",50,,2012,Red,De Forville,Nebbiolo,NA,NA,Italy,Piedmont,Langhe,Langhe DOC,2,DC,69,16,
barcelona,278,278,,"Nebbiolo, Silvio Giamello, Vicenziana, Barbaresco",92,,2009,Red,Silvio Giamello,Nebbiolo,Vicenziana,NA,Italy,Piedmont,Langhe,Barbaresco,2,DC,97,4,
barcelona,279,279,,"Nebbiolo, Damilano, Lecinquevigne, Barolo",84,,2009,Red,Damilano,Nebbiolo,Lecinquevigne,NA,Italy,Piedmont,Langhe,Barolo,2,DC,86,26,
barcelona,280,280,,"Nebbiolo, Guido Porro, Vigna Lazzairasco, Barolo",102,,2009,Red,Guido Porro,Nebbiolo,NA,Vigna Lazzairasco,Italy,Piedmont,Langhe,Barolo,2,DC,66,26,
barcelona,281,281,,"Hilberg Pasquero, Vareij",49,,2011,Red,Hilberg-Pasquero,Brachetto,Vareij,NA,Italy,Piedmont,NA,Piedmonte DOC,2,DC,5,21,
barcelona,282,282,,"Rossese, Punta Crena, Vigneto Isasco",52,,2012,Red,Punta Crena,Rossese,NA,Vigneto Isasco,Italy,Liguria,NA,Riviera Ligure di Ponente,2,DC,54,17,
barcelona,283,283,,"Sangiovese, Poggio Anima, Belial",33,,2011,Red,Poggio Anima,Sangiovese,Belial,NA,Italy,Tuscany,NA,Toscana IGT,2,DC,30,26,
barcelona,284,284,,"Sangiovese, Dei, Rosso di Montepulciano",39,,2012,Red,Maria Caterina DEI,Sangiovese,NA,NA,Italy,Tuscany,Montepulciano,Rosso di Montepulciano,2,DC,80,9,
barcelona,285,285,,"Sangiovese, Dante Alighieri, Brunello di Montalcino",86,,2008,Red,Dante Alighieri,Sangiovese,NA,NA,Italy,Tuscany,Montalcino,Brunello di Montalcino,2,DC,15,14,
barcelona,286,286,,"Sangiovese, Sesti, Brunello di Montalcino",158,,2006,Red,Sesti (Castello di Argiano),Sangiovese,NA,NA,Italy,Tuscany,Montalcino,Brunello di Montalcino,2,DC,56,29,
barcelona,287,287,,"Ambra, Santa Cristina, Carmignano",41,,2009,Red,Ambra,Sangiovese Blend,NA,Santa Cristina in Pilli,Italy,Tuscany,NA,Carmignano,2,DC,6,29,
barcelona,288,288,,"Altesino, Rosso di Altesino",44,,2010,Red,Altesino,Super Tuscan Blend,Rosso di Altesino,NA,Italy,Tuscany,NA,Toscana IGT,2,DC,14,4,
barcelona,289,289,1,"Sagrantino di Montefalco, Paolo Bea, Rosso de V_o",89,,2006,Red,,,,,,,,,2,DC,27,30,
barcelona,290,290,,"Sagrantino di Montefalco, Paolo Bea, Pagliaro",146,,2007,Red,Paolo Bea,Sagrantino,Secco,Pagliaro,Italy,Umbria,Montefalco,Sagrantino di Montefalco,2,DC,95,9,
barcelona,291,291,,"Nerello Mascalese, Terre Nere, Etna Rosso",38,,2011,Red,Tenuta delle Terre Nere,Nerello Mascalese,Rosso,NA,Italy,Sicily,NA,Etna DOC,2,DC,46,2,
barcelona,292,292,1,"Nerello Mascalese, Frank Cornelissen, Munjebel Rosso 9 Vigne Alte, Mt. Etna",138,,2012,Red,,,,,,,,,2,DC,75,4,
barcelona,293,293,1,"Karasi, Vinkara Winery",34,,2011,Red,,,,,,,,,2,DC,18,24,
barcelona,294,294,,"Sauska, Cuv_e 13",52,,2011,Red,Sauska,Red Bordeaux Blend,Cuvee 13,NA,Hungary,Pannon,NA,Villany,2,DC,79,7,
barcelona,295,295,,"Sp_tburgunder, Julius Wasem & S_hne, Ingelheimer Sonnenhang, Trocken",50,,2009,Red,Julius Wasem & Sohne,Spatburgunder,Trocken,Ingelheimer Sonnenhang,Germany,Rheinhassen,NA,NA,2,DC,41,19,
sonoma,296,1,,barbera | pico maccario _lavignone_ | asti | 2013,48,,2013,Red,Pico Maccario,Barbera,Lavignone,,Italy,Piedmont,Asti,Barbera d'Asit,2,DC,20,6,
sonoma,297,2,,cabernet franc | payout | sonoma | 2009,40,,2009,Red,Payout,Cabernet Franc,,,USA,California,Sonoma County,,2,DC,20,2,
sonoma,298,3,,cabernet franc | domaine gouron | chinon | 2013,48,,2013,Red,Domaine Gouron,Cabernet Franc,,,France,Loire Valley,Touraine,Chinon,2,DC,18,2,
sonoma,299,4,,cabernet : cab franc : merlot | blue rock _baby blue_ | alexander valley | 2013,68,,2013,Red,Blue Rock,"Cabernet Sauvignon, Cabernet Franc, Merlot",Baby Blue,,USA,California,Sonoma County,Alexander Valley,2,DC,33,9,
sonoma,300,5,,cabernet : sangiovese : merlot | hook & ladder | russian river valley | 2011,52,,2011,Red,Hook & Ladder,"Cabernet Sauvignon, Sangiovese, Merlot",,,USA,California,Sonoma County,Russian River Valley,2,DC,4,9,
sonoma,301,6,,cabernet : petite syrah | michael david _freakshow_ | lodi | 2012,60,,2012,Red,Michael - David Vineyards,"Cabernet Sauvignon, Petite Syrah",Freakshow,,USA,California,Central Valley,Lodi,2,DC,23,14,
sonoma,302,7,,cabernet sauvignon | michael pozzan | sonoma coast | 2011,52,,2011,Red,Michael Pozzan Winery,Cabernet Sauvignon,,,USA,California,Sonoma County,Sonoma Coast,2,DC,24,18,
sonoma,303,8,,cabernet : merlot : cabernet franc | ch_teau du seuil | graves | 2009,60,,2009,Red,Chateau du Seuil,"Cabernet Sauvignon, Merlot, Cabernet Franc",,,France,Bordeaux,Graves,Graves,2,DC,35,4,
sonoma,304,9,,grenache : syrah | jean-louis chave _mon coeur_ | c_tes du rh_ne | 2013,56,,2013,Red,J.L. Chave Selection,"Grenache, Syrah",Mon Coeur,,France,Rhone,Southern Rhone,Cotes du Rhone,2,DC,36,8,
sonoma,305,10,,malbec | finca sophenia _alto sur_ | mendoza | 2014,44,,2014,Red,Finca Sophenia,Malbec,Alto Sur,,Argentina,Mendoza,,,2,DC,53,3,
sonoma,306,11,,montepulciano : sangiovese | barbi _streppaticcio_ | umbria | 2013,36,,2013,Red,Barbi,"Montepulciano, Sangiovese",Streppaticcio,,Italy,Umbria,,,2,DC,58,28,
sonoma,307,12,,pinot noir | carmel road | monterey | 2013,44,,2013,Red,Carmel Road,Pinot Noir,,,USA,California,Central Coast,Monterey,2,DC,90,11,
sonoma,308,13,,pinot noir | racine _klee_ | willamette valley | 2013,60,,2013,Red,Racine,Pinot Noir,Klee,,USA,Oregon,Williamette Valley,,2,DC,93,15,
sonoma,309,14,,pinot noir | prosper maufoux | c_te de nuits-villages | 2012,72,,2012,Red,Prosper Maufoux,pinot Noir,,,France,Burgundy,Cote de Nuits,Vote de Nuits Villages,2,DC,12,23,
sonoma,310,15,,sangiovese | isole e olena | chianti classico | 2012,64,,2012,Red,Isole e Olena,Sangiovese,,,Italy,Tuscany,Chianti,Chianti Classico,2,DC,53,1,
sonoma,311,16,,sangiovese | mocali | rosso di montalcino | 2012,56,,2012,Red,Mocali,Sangiovese,,,Italy,Tuscany,Montalcino,Rosso di Montalcino,2,DC,92,9,
sonoma,312,17,,sangiovese : merlot | tolaini _al passo_ | toscana | 2010,56,,2010,Red,Tolaini,"Sangiovese, Merlot",Al Passo,,Italy,Tuscany,na,Toscana IGT,2,DC,36,15,
sonoma,313,18,,syrah | e guigal | crozes-hermitage | 2011,60,,2011,Red,E Guigal,Syrah,,,France,Rhone,Northern Rhone,Crozes-Hermitage,2,DC,11,14,
sonoma,314,19,,syrah | copain _tous ensemble_ | mendocino | 2012,64,,2012,Red,Copain,Syrah,Tous Ensemble,,USA,California,North Coast,Mendocino County,2,DC,61,18,
sonoma,315,20,,tempranillo | matchbook | dunnigan hills | 2010,48,,2010,Red,Matchbook,Tempranillo,,,USA,California,Central Valley,Dunnigan Hills,2,DC,6,18,
sonoma,316,21,,tempranillo | vi_a real crianza | rioja | 2010,48,,2010,Red,vina real crianza,Tempranillo,,,Spain,La Rioja,,Rioja,2,DC,28,27,
sonoma,317,22,,zinfandel | seghesio | sonoma | 2013,68,,2013,Red,Seghesio,Zinfandel,,,USA,California,Sonoma County,Sonoma County,2,DC,28,5,
sonoma,257,23,,cabernet franc | couly-dutheil _clos de l_olive_ | chinon | 2010,75,,2010,Red,Couly-Dutheil,Cabernet Franc,Reserve,Close de l'Olive,France,Loire Valley,Touraine,Chinon,2,DC,32,11,
sonoma,318,24,,cabernet sauvignon | mayacamas | mt. veeder | 2008,170,,2008,Red,Mayacamas Vineyards,Cabernet Sauvignon,,,USA,California,Napa Valley,Mt. Veeder,2,DC,46,15,
sonoma,319,25,,cabernet sauvignon | ramey | napa | 2010,135,,2010,Red,Ramey,Cabernet Sauvignon,Reserve Annum,,USA,California,Napa Valley,Napa Valley,2,DC,39,24,
sonoma,321,26,,gamay | chateau grand traverse | michigan | 2014,45,,2013,Red,Chateau Grand Traverse,Gamay Noir,Reserve,,USA,Michigan,Old Mission Peninsula,,2,DC,55,8,
sonoma,322,27,,nebbiolo | barboursville reserve | virginia | 2011,75,,2011,Red,Barboursville Vineyards,Nebbiolo,Reserve,,USA,Virginia,Central Virginia,Monticello,2,DC,95,10,
sonoma,323,28,,nebbiolo | cascina chicco _rocche di castelletto_ | barolo | 2010,150,,2010,Red,Cascina Chicco,Nebbiolo,Reserve,Rocche di Castelletto,Italy,Piedmont,Langhe,#NAME?,2,DC,46,19,
sonoma,324,29,,nebbiolo | icardi _parej_ | barolo | 2010,105,,2010,Red,Icardi,Nebbiolo,Parej Reserve,,Italy,Piedmont,Langhe,Barolo,2,DC,84,26,
sonoma,325,30,,pinot nero | fontodi | toscana | 2010,170,,2010,Red,Fontodi,Pinot Nero,Case Via Reserve,,Italy,Tuscany,,Colli della Toscana Centrale IGT,2,DC,97,27,
sonoma,326,31,,pinot noir | albert bitchot | chorey-les-beaune | 2007,60,,2007,Red,Albert Bitchot,Pinot Noir,Reserve,,France,Burgundy,Cote de Beaune,Chorey-les-Beaune,2,DC,56,12,
sonoma,327,32,,pinot noir | bernhard huber sp_tburgunder trocken | baden | 2011,85,,2011,Red,Bernhard Huber,"Spatburgunder, Pinot Noir",Trocken Reserve,Malterdinger,Germany,Baden,,,2,DC,56,4,
sonoma,328,33,,pinot noir | domaine nicolas rossignol _clos du roy_ | beaune 1er cru | 2012,150,,2012,Red,Domaine Nicolas Rossignol,Pinot Noir,Reserve Clos du Roy,,France,Burgundy,Cote de Beaune,Beaune 1er Cru,2,DC,69,17,
sonoma,329,34,,pinot noir | anthill farms | sonoma coast | 2013,70,,2013,Red,Anthill Farms,Pinot Noir,Reserve,Campbell Ranch Vineyard,USA,California,Sonoma County,Sonoma Coast,2,DC,47,4,
sonoma,330,35,,pinot noir | anthill farms _tina marie vineyards_ | russian river valley | 2013,100,,2013,Red,Anhill Farms,pinot Noir,Reserve,Tina Marie Vineyards,USA,California,Sonoma County,Russian River Valley,2,DC,61,27,
sonoma,331,36,,pinot noir | littorai _hirsch vineyard_ | sonoma coast | 2013,175,,2013,Red,Littorai,Pinot Noir,Reserve,Hirsch Vineyard,USA,California,Sonoma County,Sonoma Coast,2,DC,95,23,
sonoma,332,37,,pinot noir | mouton noir _oregogne_ | willamette valley | 2012,95,,2012,Red,Mouton Noir,Pinot Noir,Oregogne Reserve,,USA,Oregon,Williamette Valley,,2,DC,91,3,
sonoma,333,38,,pinot noir | ken wright cellars _shea vineyard_ | willamette valley | 2012,195,,2012,Red,Ken Wright Cellars,Pinot Noir,Reserve,Shea Vineyard,USA,Oregon,Williamette Valley,,2,DC,50,2,
sonoma,334,39,,merlot | mayacamas | mt. veeder | 2008,95,,2008,Red,Mayacamas Vineyards,Merlot,Reserve,,USA,California,Napa Valley,Mt. Veeder,2,DC,10,27,
sonoma,335,40,,merlot : cab franc : cab sauv | palazzo _right bank_ | napa valley | 2010,120,,2010,Red,Palazzo,"Merlot, Cabernet Franc, Cabernet Sauvignon","Reserve, Right Bank Proprietary Red Wine",,USA,California,Napa Valley,Napa Valley,2,DC,99,2,
sonoma,336,41,,merlot | shafer | napa valley | 2012,120,,2012,Red,Shafer,Merlot,,,USA,California,Napa Valley,Napa Valley,2,DC,34,7,
sonoma,337,42,,sangiovese | mastro janni _vigna loreto_ | brunello di montalcino | 2009,170,,2009,Red,Mastro Janni,Sangiovese,Reserve,Vigna Loreto,Italy,Tuscany,Montalcino,Brunello di Montalcino,2,DC,59,19,
sonoma,338,43,,sangiovese | san giusto a rentennano | chianti classico | 2012,70,,2012,Red,San Giusto a Rentennano,Sangiovese,Reserve,,Italy,Tuscany,Chianti,Chianti Classico DOCG,2,DC,96,7,
sonoma,339,44,,sangiovese | fontodi _vigna del sorbo_ | chianti classico riserva | 2010,275,,2010,Red,Fontodi,Sangiovese,Reserve,Vigna Del Sorbo,Italy,Tuscany,Chianti,Chianti Classico DOCG,2,DC,71,1,
sonoma,340,45,,sangiovese | fontodi _flaccianello della pieve_ | toscana | 2010,370,,2010,Red,Fontodi,Sangiovese,Flaccianello della Pieve Reserve,,Italy,Tuscany,,Colli della Toscana Centrale IGT,2,DC,18,5,
sonoma,341,46,,syrah | fontodi _case via_ | toscana | 2010,180,,2010,Red,Fontodi,Syrah,Case Via Reserve,na,Italy,Tuscany,,Colli della Toscana Centrale IGT,2,DC,76,27,
sonoma,342,47,,tempranillo | imperial reserva | rioja | 2008,90,,2008,Red,CVNE,Tempranillo,Imperial Reserva,,Spain,La Rioja,La Rioja Alta,Rioja,2,DC,78,8,
sonoma,343,48,,zinfandel | frog_s leap | napa valley | 2013,75,,2013,Red,Frog's Leap,Zinfandel,,,USA,California,Napa Valley,Napa Valley,2,DC,89,19,
bodegas,344,1,,Albarino doelas rias baixas,44,,2011,White,Lagar de Costa,Albarino,Doelas,,Spain,Galicia,,Rias Baixas,1,DC,45,15,
bodegas,345,2,,albarino nessa rias baixas,42,,2011,White,Adegas Gram Vinum,Albarino,Nessa,,Spain,Galicia,,Rias Baixas,1,DC,93,2,
bodegas,346,3,,albarino legado del conde rias baixas,48,,2011,White,Morgadio,Albarino,Legado del Conde,,Spain,Galicia,,Rias Baixas,1,DC,47,12,
bodegas,347,4,,albarino esencia divina rias baixas,62,,2011,White,Adegas Gran Vinum,Albarino,Esencia Divina,,Spain,Galicia,,Rias Baixas,1,DC,53,30,
bodegas,348,5,2,albarino gran vinum rias baixas,78,,2010,White,Adegas Gran Vinum,Albarino,Nessa,,Spain,Galicia,,Rias Baixas,1,DC,24,27,
bodegas,349,6,2,albarino la val rias baixas,55,,2010,White,Bodegas La Val,Albarino,,,Spain,Galicia,,Rias Baixas,1,DC,15,25,
bodegas,350,7,,verdejo valdelainos rueda,36,,2011,White,Bodegas y Vinedos Escudero,Verdejo,Valdelainos,,Spain,Castilla y Leon,,Rueda,1,DC,74,17,
bodegas,351,8,,verdejo fuente elvira rueda,40,,2010,White,Bodegas y Vinedos Escudero,Verdejo,Fuente Elvira,,Spain,Castilla y Leon,,Rueda,1,DC,32,10,
bodegas,352,9,,verdejo martinsancho rueda,53,,2011,White,Bodegas Angel Rodriguez,Verdejo,,Martinsancho,Spain,Castilla y Leon,,Rueda,1,DC,52,8,
bodegas,353,10,,verdejo mania rueda,34,,2011,White,Bodegas Felix Lorenzo,White Blend,Cachazo Manio Verdejo Viura,,Spain,Castilla y Leon,,Rueda,1,DC,40,22,
bodegas,354,11,1,sauvignon blanc como la luna vinos de cadiz,32,,2011,White,,,,,Spain,,,,1,DC,12,1,
bodegas,355,12,,chardonnay nekeas vega sindoa navarra,40,,2011,White,Bodega Nekeas,White Blend,Vega Sindoa Viura - Chardonnay,,Spain,Navarra,,Navarra,1,DC,29,4,
bodegas,356,13,1,chardonnay rosaleda catalunya,36,,2010,White,,Chardonnay,Rosaleda,,Spain,Catalunya,,,1,DC,20,28,
bodegas,357,14,2,chardonnay jean leon penedes,64,,2009,White,Jean Leon,Chardonnay,Rosaleda,,Spain,Catalunya,,Penedes,1,DC,6,2,
bodegas,358,15,1,mania rueda verdejo viura,34,,2011,White,,Verdejo,,,Spain,,,Rueda,1,DC,95,23,
bodegas,359,16,1,abadal blanc pla de bages chardonnay sauv blanc picapoll,48,,2008,White,,White Blend,,,Spain,,,,1,DC,71,1,
bodegas,360,17,1,valderello godello treixadura,36,,2011,White,,White Blend,,,Spain,,,,1,DC,36,19,
bodegas,361,18,1,vina mein ribiero godello loureira torrontes albarino lado albilla,48,,2010,White,,White Blend,,,Spain,,,,1,DC,41,9,
bodegas,362,19,1,brozal blanco rioja alavesa viura moscatel malvasia garnacha,91,,2010,White,,White Blend,,,Spain,,,,1,DC,63,14,
bodegas,363,20,,garnacha colinas del ebro terra alta,32,,2010,White,Bodegas Abanico,Garnatxa Blanca,Las Colinas del Ebro Garnacha,,Spain,Catalunya,Tarragona,Terra Alta,1,DC,83,30,
bodegas,364,21,1,garnacha altos d'olivia catalonia,30,,2010,White,,Garnacha,,,Spain,,,,1,DC,5,9,
bodegas,365,22,1,viura tierra blanco rioja,32,,2011,White,,Viura,,,Spain,,,,1,DC,78,20,
bodegas,366,23,,viura terrai carinena,30,,2009,White,,Viura,,,Spain,,,,1,DC,94,6,
bodegas,367,24,,godello pazo de arribi bierzo,53,,2010,White,Bodegas Adria,Godello,Pazo de Arribi,,Spain,Castilla y Leon,,Bierzo,1,DC,6,2,
bodegas,368,25,,godello vina godeval valdeorras,53,,2011,White,Vina Godeval,Godello,,,Spain,Galicia,,Valdeorras,1,DC,1,14,
bodegas,369,26,,txakolina ganeta getaria,50,,2011,White,Ganeta,Hondarrabi Zuri,Txakoli,,Spain,Pais Vasco,,Getariako Txakolina,1,DC,4,7,
bodegas,370,27,1,txakolina txomin etaniz valdeorras,60,,2011,White,,,Txakoli,,Spain,,,,1,DC,57,10,
bodegas,371,28,1,"FINCA LA MATA, Riberra del Duero",45,,2010,Red,,Tempranillo,,,Spain,,,Ribera del Duero,1,DC,61,14,
bodegas,372,29,,BARCO DE PIEDRA,43,,2010,Red,Bodegas Barco de Piedra,Tempranillo,,,Spain,Castilla y Leon,,Ribera del Duero,1,DC,53,2,
bodegas,373,30,2,"CONDADO DE HAZA, Riberra del Duero",88,,2008,Red,Condado de Haza,Tempranillo,Crianza,,Spain,Castilla y Leon,,Ribera del Duero,1,DC,100,24,
bodegas,374,31,2,"TINTO PESQUERA, Riberra del Duero",90,,2009,Red,Bodegas Alejandro Fernandez,Tempranillo,Tinto Pesquera,,Spain,Castilla y Leon,,Ribera del Duero,1,DC,37,3,
bodegas,375,32,1,"EDER TINTO, Rioja",32,,2011,Red,,Tempranillo,,,Spain,,,Rioja,1,DC,66,19,
bodegas,376,33,,"EL PRIMAVERA, Rioja",39,,2011,Red,Agricola La Bastida,Tempranillo,El Primavera,,Spain,La Rioja,,Rioja,1,DC,66,27,
bodegas,377,34,1,"TIERRA, Rioja",56,,2008,Red,,Tempranillo,,,Spain,,,Rioja,1,DC,63,11,
bodegas,378,35,1,"PUJANZA CRIANZA, Rioja",60,,2007,Red,,Tempranillo,Crianza,,Spain,,,Rioja,1,DC,99,25,
bodegas,379,36,,"CAMPO VIEJO, Reserva, Rioja",44,,2007,Red,Campo Viejo,Tempranillo Blend,Reserva,,Spain,La Rioja,,Rioja,1,DC,27,27,
bodegas,10,37,,"VINA ARDANZA, Reserva, Rioja Alta",72,,2004,Red,La Rioja Alta,Tempranillo Blend,Vina Ardanza Reserva,,Spain,La Rioja,La Rioja Alta,Rioja,1,DC,52,4,
bodegas,380,38,,"MUGA, Unfiltered Reserva, Rioja",72,,2008,Red,Bodegas Muga,Tempranillo Blend,Reserva Unfiltered,,Spain,La Rioja,La Rioja Alta,Rioja,1,DC,59,22,
bodegas,381,39,,"BERONIA, Gran Reserva, Rioja",65,,2005,Red,Bodegas Beronia,Tempranillo Blend,Gran Reserva,,Spain,La Rioja,,Rioja,1,DC,55,16,
bodegas,382,40,,"MUNIA ROBLE, Toro",36,,2008,Red,Vinaguarena,Tinta de Toro,Munia Roble,,Spain,Castilla y Leon,,Toro,1,DC,76,10,
bodegas,383,41,,"EL CURATO, Toro",39,,2008,Red,Canto Petirrojo,Tempranillo,El Curato Old Vines,,Spain,Castilla y Leon,,Toro,1,DC,48,4,
bodegas,384,42,,"PRIMA, Toro",60,,2009,Red,Bodegas y Vinedos Maurodos,Tempranillo Blend,Prima,,Spain,Castilla y Leon,,Toro,1,DC,51,17,
bodegas,385,43,,"ACENTOR, Calatayud",36,,2011,Red,Isaac Fernandez Selection,Garnacha,Acentor,,Spain,Aragon,,Calatayud,1,DC,47,11,
bodegas,386,44,,"CAMPOS DE LUZ, Cari_ena",33,,2008,Red,Campos De Luz,Garnacha,Old Vine,,Spain,Aragon,,Carinena,1,DC,50,24,
bodegas,387,45,,"CIFRAS, Rioja",60,,2009,Red,Bodegas Exeo,Garnacha,Cifras,,Spain,La Rioja,,Rioja,1,DC,22,21,
bodegas,388,46,,"TERRAPLEN, Garnacha, Navarra",28,,2010,Rose,Cirbonera,Garnacha,Terraplen,,Spain,Navarra,,Navarra,1,DC,81,23,
bodegas,389,47,,"CASA DEL CANTO ROBLE Monastrell, Syrah, Cabernet",38,,2007,Red,Casa del Canteo,Red Blend,Roble,,Spain,Murcia,,Yecla,1,DC,47,3,
bodegas,390,48,,"LA CARTUJA, Priorat",48,,2010,Red,Bodegas La Cartuja,Red Blend,,,Spain,Catalunya,,Priorat,1,DC,91,15,
bodegas,391,49,2,"CAN BLAU, Montsant",40,,2009,Red,Cellers Can Blau,Red Blend,Can Blau,,Spain,Catalunya,Tarragona,Montsant,1,DC,11,8,
bodegas,392,50,,"EL MOLET, Valencia",40,,2009,Red,El Molet,Red Blend,,,Spain,Valencia,,Valencia,1,DC,94,5,
bodegas,393,51,,"BERYNA, Alicante",60,,2008,Red,Bodegas Bernabe Navarro,Mourvedre Blend,Beryna,,Spain,Valencia,,Alicante,1,DC,24,20,
bodegas,394,52,,"LOS 800, Priorat",50,,2008,Red,Bodega Los 800,Grenache Blend,,,Spain,Catalunya,,Priorat,1,DC,17,10,
bodegas,395,53,2,"GALENA, Priorat",112,,2005,Red,Domini de la Cartoixa,Grenache Blend,Galena,,Spain,Catalunya,,Priorat,1,DC,59,24,
bodegas,396,54,2,"CONDE DE SAN CRISTOBAL, Riberra",76,,2004,Red,Bodegas y Vinedos Conde de San Cristobal,Tempranillo Blend,Conde de San Cristobal,,Spain,Castilla y Leon,,Ribera del Duero,1,DC,82,23,
bodegas,397,55,,"LUNA BEBERIDE, Bierzo",45,,2011,Red,Luna Beberide,Mencia,,,Spain,Castilla y Leon,,Bierzo,1,DC,18,6,
bodegas,398,56,,"JEAN LEON, Penedes",50,,2007,Red,Jean Leon,Merlot,,Vinya Palau,Spain,Catalunya,,Penedes,1,DC,57,5,
bodegas,399,57,,"CASA L_ANGEL, Valencia",36,,2010,Red,Anecoop,Cabernet Sauvignon,Casa L'Angel,,Spain,Valencia,,Valencia,1,DC,84,17,
bodegas,400,58,1,"FUENTE SECA, Utiel-Reque_a",32,,2010,Red,,Cabernet Sauvignon,,,Spain,,,,1,DC,83,17,
bodegas,401,59,1,"TORRES GRAN CORONAS, Penedes",56,,2007,Red,,Cabernet Sauvignon,,,Spain,,,,1,DC,75,4,
bodegas,402,60,1,"JEAN LEON RESERVA, Almansa",70,,2005,Red,,Cabernet Sauvignon,,,Spain,,,,1,DC,46,12,
bodegas,403,61,,"TORRES MAS LA PLANA, Penedes",124,,2006,Red,Miguel Torres,Cabernet Sauvignon,Black Label,Mas La Plana,Spain,Catalunya,,Penedes,1,DC,83,25,
bodegas,404,62,,"MARQUES DE GRI_ON, Valdepusa",115,,2004,Red,Marques de Grinon,Petit Verdot,,,Spain,Castilla-La Mancha,,Dominio de Valdepusa,1,DC,35,15,
bodegas,405,63,2,"JAUME MESQUIDA, Mallorca",56,,2005,Red,Jaume Mesquida,Callet,,,Spain,Balearic Islands,,Binissalem-Mallorca,1,DC,74,15,
bodegas,406,64,,"CASTANO, Alicante",30,,2010,Red,,Monastrell,,,Spain,,,,1,DC,47,4,
bianco,407,1,,"Arneis Langhe, Damiliano, 2012",40,,2012,White,Damilano,Arneis,,,Italy,Piedmont,Langhe,Langhe DOC,2,CT,51,17,
bianco,408,2,1,"Cortese Di Gavi, Pio Cesare ",48,,2014,White,,,,,Italy,,,,2,CT,23,12,
bianco,409,3,2,"Pinot Bianco, St. Michele",40,,2012,White,,Pinot Bianco,,,Italy,,,,2,CT,11,1,
bianco,410,4,,"Pinot Grigio, Santa Margherita",52,,2014,White,Sant Margherita,Pinot Grigio,,,Italy,Trentino-Alto Adige,Alto Adige,Alto Adige - Suditrol,2,CT,24,20,
bianco,411,5,,"Pinot Grigio, Livio Felluga 2013",50,,2013,White,Livio Felluga,Pinot Grigio,,,Italy,Friuli - Venezia Giulia,,Collio,2,CT,42,14,
bianco,412,6,,"Gavi, La Meirana, Broglia 2014",45,,2014,White,Broglia,Cortese,La Meirana,,Italy,Piedmont,,Gavi,2,CT,46,22,
bianco,413,7,2,"Gavi Dei Gavi, Black Label, La Scolca",78,,2013,Rose,La Scolca,Cortese,Black Label,,Italy,Piedmont,,Gavi,2,CT,57,3,
bianco,414,8,2,"Pinot Grigio, Jermann 2013",47,,2013,White,Jermann Vinnaioli,Pinot Grigio,,,Italy,Friuli - Venezia Giulia,,Venezia Giulia IGT,2,CT,31,4,
bianco,415,9,,"Chardonnay, Bramito, Antinori 2014",38,,2014,White,Castello della Sala (Antinori),Chardonnay,Bramito del Cervo,,Italy,Umbria,,Umbria IGT,2,CT,45,14,
bianco,416,10,,"Vermentino Bolgheri Guado Al Tasso, Antinori",45,,2014,White,Tenuta Guado al Tasso (Antinori),Vermentino,,,Italy,Tuscany,Bolgheri,Bolgheri,2,CT,45,29,
bianco,417,11,,"Sonoma-Cutrer, Russian RiverÑ",50,,2013,White,Sonoma - Cutrer,Chardonnay,Russian River Ranches,,USA,California,Sonoma County,Russian River Valley,2,CT,47,21,
bianco,418,12,,"Cakebread Cellars, Napa Valley",79,,2013,White,Cakebread Cellars,Chardonnay,,,USA,California,Napa Valley,Napa Valley,2,CT,31,4,
bianco,419,13,,"Chalk Hill, Sonoma",53,,2013,White,Chalk Hill,Chardonnay,,,USA,California,Sonoma County,Chalk Hill,2,CT,31,25,
bianco,420,14,,"Stag_s Leap Cellars, Karia, Napa",58,,2013,White,Stag's Leap Wine Cellars,Chardonnay,Karia,,USA,California,Napa Valley,Napa Valley,2,CT,11,9,
bianco,421,15,2,Gary Farrell Russian River,58,,2012,White,Gary Farrell,Chardonnay,Russian River Selection,,USA,California,Sonoma County,Russian River Valley,2,CT,17,21,
bianco,422,16,,"Frog_s Leap, Napa Valley",70,,2013,White,Frog's Leap,Chardonnay,,,USA,California,Napa Valley,Napa Valley,2,CT,56,25,
bianco,423,17,,"Joseph Carr, Sonoma",45,,2013,White,Joseph Carr,Chardonnay,,,USA,California,Sonoma County,Sonoma Coast,2,CT,31,16,
District Commons,424,1,,"Pinot Noir, Blackstone",24,6,2014,Red,Blackstone Winery,pinot Noir,,,USA,California,,,3,DC,98,2,
District Commons,425,2,,,40,10,2015,Red,,Pinot Noir,,,USA,California,,,3,DC,4,6,
District Commons,426,3,,,56,14,2014,Red,,Pinot Noir,,,USA,Oregon,Willamette Valley,,3,DC,91,29,
District Commons,427,4,,,39,,2013,Red,,pinot Noir,,,USA,Oregon,,,3,DC,32,20,
District Commons,428,5,,,49,,2013,Red,,pinot Noir,,,USA,Oregon,Williamette Valley,,3,DC,78,16,
District Commons,429,6,,,59,,2013,Red,,Pinot Noir,,,USA,Oregon,Willamette Valley,,3,DC,99,10,
District Commons,430,7,,,69,,2012,Red,,Pinot Noir,,,USA,Oregon,Verbatim,,3,DC,21,3,
District Commons,431,8,,,79,,2013,Red,,Pinot Noir,,,USA,Oregon,Williamette Valley,,3,DC,17,20,
District Commons,432,9,,,89,,2012,Red,,Pinot Noir,,,USA,California,Russian River,,3,DC,92,24,
District Commons,433,10,,,99,,2012,Red,,Pinot Noir,,,USA,California,Napa,,3,DC,84,16,
District Commons,434,11,1,,145,,2012,Red,,Pinot Noir,,,USA,California,Sonoma Coast,,3,DC,20,7,
District Commons,435,12,,,54,,2009,Red,,Sangiovese,,,USA,California,Napa Valley,,3,DC,35,13,
District Commons,436,13,,,28,7,2011,Red,,Syrah,,,USA,Washington,Columbia Valley,,3,DC,100,26,
District Commons,437,14,,,62,,2012,Red,,Syrah,,,USA,Washington,Columbia Valley,,3,DC,64,13,
District Commons,438,15,,,40,10,2013,Red,,Petite Syrah,,,USA,California,Napa Valley,,3,DC,14,18,
District Commons,439,16,,,28,7,2014,Red,,Merlot,,,USA,California,Napa Valley,,3,DC,17,25,
District Commons,440,17,,,54,,2010,Red,,Merlot,,,USA,New York,N Fork,,3,DC,65,9,
District Commons,441,18,,,69,,2012,Red,,Merlot,,,USA,California,Napa Valley,,3,DC,41,14,
District Commons,442,19,,,115,,2011,Red,,Merlot,,,USA,California,Napa Valley,,3,DC,100,9,
District Commons,443,20,,,52,13,2014,Red,,Malbec,,,USA,California,Writer's Block,,3,DC,29,27,
District Commons,444,21,,,24,6,2014,Red,,Cabernet Sauvignon,,,USA,California,Canyon Road,,3,DC,16,29,
District Commons,445,22,,,36,9,2013,Red,,Cabernet Sauvignon,,,USA,California,Lodi,,3,DC,52,6,
District Commons,446,23,,,52,13,2013,Red,,Cabernet Sauvignon,,,USA,California,Napa Valley,,3,DC,42,26,
District Commons,447,24,,,31,,2014,Red,,Cabernet Sauvignon,,,USA,California,Central Coast,,3,DC,23,11,
District Commons,448,25,,,59,,2013,Red,,Cabernet Sauvignon,,,USA,California,Sonoma,,3,DC,87,14,
District Commons,449,26,,,79,,2013,Red,,Cabernet Sauvignon,,,USA,California,Napa,,3,DC,12,26,
District Commons,450,27,,,99,,2012,Red,,Cabernet Sauvignon,,,USA,California,Napa Valley,,3,DC,56,29,
District Commons,451,28,,,115,,2012,Red,,Cabernet Sauvignon,,,USA,California,Napa Valley,,3,DC,95,19,
District Commons,452,29,,,135,,2013,Red,,Cabernet Sauvignon,,,USA,California,Napa Valley,,3,DC,26,21,
District Commons,453,30,,,185,,2009,Red,,Cabernet Sauvignon,,,USA,California,Napa Valley,,3,DC,39,29,
District Commons,454,31,,,36,9,2013,Red,,Blend,,,USA,California,,,3,DC,59,5,
District Commons,455,32,,,40,10,2013,Red,,Blend,,,USA,California,Monterrey,,3,DC,12,18,
District Commons,456,33,,,44,11,2012,Red,,Blend,,,USA,Washington,,,3,DC,91,4,
District Commons,457,34,,,52,13,2011,Red,,Blend,,,USA,Virginia,Raphine,,3,DC,92,21,
District Commons,458,35,,,45,,2012,Red,,Blend,,,USA,Virgina,,,3,DC,8,21,
District Commons,459,36,,,64,,2011,Red,,Blend,,,USA,Virginia,,,3,DC,53,26,
District Commons,460,37,,,115,,2006,Red,,Blend,,,USA,California,West Face,,3,DC,23,22,
District Commons,461,38,,,28,,2013,Red,,Zinfandel,,,USA,California,,,3,DC,72,4,
District Commons,462,39,,,40,10,2014,Red,,Zinfandel,,,USA,California,Lodi,,3,DC,64,11,
District Commons,463,40,,,49,,2014,Red,,Zinfandel,,,USA,California,Dry Creek,,3,DC,73,14,
District Commons,464,41,,,99,,2014,Red,,Blend,,,USA,California,Prisoner,,3,DC,59,9,
District Commons,465,42,,,24,,2012,Red,,Pinot Noir,,,USA,California,Cameros,,3,DC,21,17,2
District Commons,466,43,,,44,,2013,Red,,Pinot Noir,,,USA,Oregon,Williamette,,3,DC,6,18,2
District Commons,467,44,,,49,,2012,Red,,Pinot Noir,,,USA,Oregon,Williamette,,3,DC,70,9,2
District Commons,468,45,,,20,,2013,Red,,Cabernet Sauvignon,,,USA,California,Paso Robles,,3,DC,75,22,2
District Commons,469,46,,,39,,2011,Red,,Zinfandel,,,USA,California,Napa Valley,,3,DC,25,9,2
Blue Duck Tavern,470,1,,,,11,2014,White,Bottega Vinaia,Pinot Grigio,,,Italy,Trentino-Alto Adige,Trentino,Trentino,,,,,
Blue Duck Tavern,471,2,2,,,11,2013,White,Lagar de Costa,Albarino,,,Spain,Galicia,,Rias Baixas,,,,,
Blue Duck Tavern,472,3,,,,12,2014,White,Laurenz V.,Gruner Veltliner,Singing Laurenz und Sophie,,Austria,Niederosterreich,,,,,,,
Blue Duck Tavern,473,4,,,,12,2014,White,Cape Mentelle,Semillon-Sauvignon Blanc Blend,Semillon Sauvignon Blanc,,Australia,Western Australia,South West Australia,Margaret River,,,,,
Blue Duck Tavern,474,5,,,,12,2014,White,Honig,Sauvignon Blanc,,,USA,California,Napa Valley,Napa Valley,,,,,
Blue Duck Tavern,475,6,,,,14,2014,White,Christian Lauverjat,Sauvignon Blanc,Moulin des Vrilleres,,France,Loire Valley,Upper Loire,Sancerre,,,,,
Blue Duck Tavern,476,7,,,,13,2014,White,Tablas Creek,White Rhone Blend,Patelin de Tablas Blanc,,USA,California,Central Coast,Paso Robles,,,,,
Blue Duck Tavern,477,8,,,,14,2013,White,Hermann J. Wiemer,Riesling,Semi-Dry,,USA,New York,Finger Lakes,Finger Lakes,,,,,
Blue Duck Tavern,478,9,,,,11,2014,White,Chateau de Valmer,Chenin Blanc,,,France,Loire Valley,Touraine,Vouvray,,,,,
Blue Duck Tavern,479,10,,,,15,2013,White,Freemark Abbey,Chardonnay,,,USA,California,Napa Valley,Napa Valley,,,,,
Blue Duck Tavern,480,11,,,,14,2013,White,Jean-Michel Guillon,Chardonnay,,Les Champs Perdrix,France,Burgundy,Cote de Nuits,Marsannay,,,,,
Blue Duck Tavern,481,12,,,,17,2013,White,Frog's Leap,Chardonnay,,,USA,California,Napa Valley,Napa Valley,,,,,
Blue Duck Tavern,482,13,,,,14,2013,Red,J.L. Chave Selection,Red Rhone Blend,Mon Coeur,,France,Rhone,Southern Rhone,Cotes du Rhone,,,,,
Blue Duck Tavern,483,14,,,,12,2012,Red,Bodegas Asenjo & Manso,Tempranillo,Ceres,,Spain,Castilla y Leon,,Ribera del Duero,,,,,
Blue Duck Tavern,484,15,,,,14,2013,Red,Bodegas Salentein,Malbec,,,Argentina,Mendoza,Valle de Uco,,,,,,
Blue Duck Tavern,485,16,,,,11,2012,Red,Bonneau,Syrah,Egret,,USA,California,,California,,,,,
Blue Duck Tavern,486,17,,,,15,2011,Red,Alessandro Veglio,Nebbiolo,,,Italy,Piedmont,Langhe,Barolo,,,,,
Blue Duck Tavern,487,18,,,,15,2013,Red,Turley,Zinfandel,Juvenile,,USA,California,,California,,,,,
Blue Duck Tavern,488,19,,,,18,2013,Red,Argyle,Pinot Noir,Artisan Series Reserve,,USA,Oregon,Willamette Valley,Willamette Valley,,,,,
Blue Duck Tavern,489,20,,,,13,2013,Red,Fossil Point Wines,Pinot Noir,,,USA,California,Central Coast,Edna Valley,,,,,
Blue Duck Tavern,490,21,,,,20,2011,Red,RdV Vineyards,Cabernet Blend,Friends and Family,,USA,Virginia,Northern Virginia,Fauquier County,,,,,
Blue Duck Tavern,491,22,,,,15,2013,Red,Bon Anno,Cabernet Sauvignon,,,USA,California,Napa Valley,Napa Valley,,,,,
Blue Duck Tavern,492,23,,,,25,2012,Red,Mount Veeder Winery,Cabernet Sauvignon,,,USA,California,Napa Valley,Napa Valley,,,,,
Blue Duck Tavern,493,24,1,"Meritage, Newton Claret, Napa County, California 2012",,16,2012,Red,,,,,USA,California,Napa Valley,Napa Valley,,,,,
Blue Duck Tavern,494,25,,,,28,2006,Red,Chateau Ste. Michelle,Red Bordeaux Blend,Artist Series Meritage,,USA,Washington,Columbia Valley,Columbia Valley,,,,,
Blue Duck Tavern,495,26,1,"Merlot Blend, Excellence de Senailhac, ""Superieur,"" Bordeaux, France 2006",,15,2006,Red,,Merlot Blend,,,France,Bordeaux,,,,,,,
Blue Duck Tavern,496,27,,,,17,2010,Red,Rombauer Vineyards,Merlot,,,USA,California,"Napa Valley, Sonoma",Carneros,,,,,
,,,,"Forge Cellars, Pinot Noir, ""Les Allies,"" Finger Lakes, New York 2013",,,,,,,,,,,,,,,,,
,,,,"Boxwood, ""Topiary,"" Middlesburg, Virginia 2012",,,,,,,,,,,,,,,,,
,,,,"RdV, Cabernet Blend, ""Friends and Family,"" Delaplane, Virginia 2011",,,,,,,,,,,,,,,,,
,,,,"Linden, ""Hardscrabble,"" Meritage Blend, Linden, Virginia 2010",,,,,,,,,,,,,,,,,